UNNAMED:_0_LEVEL_0_PLAYER,PASSING_ATT,PASSING_CMP,PASSING_YDS,PASSING_TDS,PASSING_INTS,RUSHING_ATT,RUSHING_YDS,RUSHING_TDS,MISC_FL,MISC_FPTS,POSITION,SCRAPE_DATE,RECEIVING_REC,RECEIVING_YDS,RECEIVING_TDS,PLAYER,FG,FGA,XPT,FPTS,SACK,INT,FR,FF,TD,SAFETY,PA,YDS_AGN
Josh Allen BUF,522.4,334.7,3914.7,29.0,10.5,115.7,571.8,10.7,3.4,376.7,QB,2025-08-14 15:04:24,,,,,,,,,,,,,,,,
Lamar Jackson BAL,480.4,321.0,3923.2,32.5,8.3,134.7,827.9,3.9,4.5,375.6,QB,2025-08-14 15:04:24,,,,,,,,,,,,,,,,
Jalen Hurts PHI,461.5,311.7,3536.8,23.7,8.9,147.2,633.0,12.6,3.9,358.7,QB,2025-08-14 15:04:24,,,,,,,,,,,,,,,,
Jayden Daniels WAS,536.2,364.4,3899.3,26.9,10.7,136.5,746.8,5.6,2.5,355.8,QB,2025-08-14 15:04:24,,,,,,,,,,,,,,,,
Joe Burrow CIN,626.7,434.1,4635.9,35.9,10.5,48.2,180.1,2.1,3.8,341.6,QB,2025-08-14 15:04:24,,,,,,,,,,,,,,,,
Patrick Mahomes II KC,604.9,409.8,4272.4,30.2,12.1,76.4,371.3,2.9,2.5,328.8,QB,2025-08-14 15:04:24,,,,,,,,,,,,,,,,
Baker Mayfield TB,558.6,386.9,4191.9,33.1,14.7,64.2,287.6,2.6,3.9,321.6,QB,2025-08-14 15:04:24,,,,,,,,,,,,,,,,
Kyler Murray ARI,543.2,370.9,3856.4,24.5,11.2,88.6,551.3,5.1,3.8,319.1,QB,2025-08-14 15:04:24,,,,,,,,,,,,,,,,
Brock Purdy SF,525.2,351.4,4305.1,27.1,12.7,65.2,281.2,3.6,2.9,312.1,QB,2025-08-14 15:04:24,,,,,,,,,,,,,,,,
Bo Nix DEN,560.6,366.4,3807.8,27.3,12.1,88.7,421.7,3.5,2.0,308.8,QB,2025-08-14 15:04:24,,,,,,,,,,,,,,,,
Justin Fields NYJ,504.9,314.1,3288.5,19.6,11.0,133.3,736.8,6.0,3.8,301.1,QB,2025-08-14 15:04:24,,,,,,,,,,,,,,,,
J.J. McCarthy MIN,563.5,367.0,4086.7,28.1,14.5,57.3,258.1,2.0,3.8,291.6,QB,2025-08-14 15:04:24,,,,,,,,,,,,,,,,
Dak Prescott DAL,600.8,395.4,4251.2,27.6,12.2,42.7,179.2,1.9,3.0,291.5,QB,2025-08-14 15:04:24,,,,,,,,,,,,,,,,
Justin Herbert LAC,540.0,354.0,3976.2,25.8,8.6,65.4,272.1,2.6,2.5,291.5,QB,2025-08-14 15:04:24,,,,,,,,,,,,,,,,
Jared Goff DET,554.0,383.4,4391.6,30.5,11.5,32.7,68.9,0.6,2.9,290.8,QB,2025-08-14 15:04:24,,,,,,,,,,,,,,,,
Caleb Williams CHI,562.5,357.5,3762.1,23.6,10.3,87.4,472.1,2.4,4.5,287.5,QB,2025-08-14 15:04:24,,,,,,,,,,,,,,,,
C.J. Stroud HOU,556.6,358.1,4049.9,24.9,10.6,59.1,258.1,1.7,3.7,279.8,QB,2025-08-14 15:04:24,,,,,,,,,,,,,,,,
Jordan Love GB,510.7,327.6,3917.1,27.7,12.2,41.4,166.7,1.9,2.5,278.5,QB,2025-08-14 15:04:24,,,,,,,,,,,,,,,,
Trevor Lawrence JAC,553.4,355.3,3981.6,23.3,13.2,54.8,253.6,3.0,4.1,274.7,QB,2025-08-14 15:04:24,,,,,,,,,,,,,,,,
Drake Maye NE,520.4,346.9,3572.1,22.0,12.9,75.2,477.0,3.0,4.8,274.0,QB,2025-08-14 15:04:24,,,,,,,,,,,,,,,,
Matthew Stafford LAR,564.1,370.5,4141.5,26.5,11.0,30.0,73.4,0.7,2.8,266.7,QB,2025-08-14 15:04:24,,,,,,,,,,,,,,,,
Michael Penix Jr. ATL,541.8,347.4,3917.7,23.5,13.2,52.1,196.4,2.1,3.2,263.4,QB,2025-08-14 15:04:24,,,,,,,,,,,,,,,,
Tua Tagovailoa MIA,576.8,400.2,4151.2,26.1,12.0,26.8,85.4,0.5,3.6,262.9,QB,2025-08-14 15:04:24,,,,,,,,,,,,,,,,
Bryce Young CAR,556.0,354.1,3619.5,21.5,12.0,53.2,295.2,3.5,3.5,262.5,QB,2025-08-14 15:04:24,,,,,,,,,,,,,,,,
Geno Smith LV,570.0,382.4,3981.5,21.8,13.5,54.3,242.5,1.7,2.8,261.8,QB,2025-08-14 15:04:24,,,,,,,,,,,,,,,,
Sam Darnold SEA,557.0,364.8,3885.3,23.0,14.1,58.7,202.6,1.8,3.8,257.0,QB,2025-08-14 15:04:24,,,,,,,,,,,,,,,,
Cameron Ward TEN,520.3,331.9,3592.2,21.6,13.9,74.3,330.5,2.4,4.1,255.0,QB,2025-08-14 15:04:24,,,,,,,,,,,,,,,,
Aaron Rodgers PIT,543.0,348.3,3748.3,22.9,9.7,22.4,80.6,0.4,2.8,237.0,QB,2025-08-14 15:04:24,,,,,,,,,,,,,,,,
Anthony Richardson Sr. IND,348.5,193.4,2269.2,13.3,10.7,98.5,481.6,4.6,3.1,203.1,QB,2025-08-14 15:04:24,,,,,,,,,,,,,,,,
Russell Wilson NYG,421.6,269.2,2852.0,15.2,8.1,51.1,215.3,1.9,2.6,194.2,QB,2025-08-14 15:04:24,,,,,,,,,,,,,,,,
Tyler Shough NO,425.1,265.1,2736.5,15.3,10.7,46.8,204.2,1.5,3.0,183.3,QB,2025-08-14 15:04:24,,,,,,,,,,,,,,,,
Daniel Jones IND,203.3,126.4,1491.6,8.0,5.0,44.2,219.5,1.8,2.0,115.3,QB,2025-08-14 15:04:24,,,,,,,,,,,,,,,,
Joe Flacco CLE,286.5,179.8,1990.0,10.6,8.3,7.9,24.6,0.3,2.7,112.4,QB,2025-08-14 15:04:24,,,,,,,,,,,,,,,,
Spencer Rattler NO,156.7,96.1,1193.4,5.9,4.7,19.5,120.8,0.4,2.0,77.1,QB,2025-08-14 15:04:24,,,,,,,,,,,,,,,,
Kenny Pickett CLE,159.8,100.2,956.8,4.2,3.5,14.1,44.0,0.7,1.0,58.1,QB,2025-08-14 15:04:24,,,,,,,,,,,,,,,,
Jaxson Dart NYG,123.6,77.6,849.1,4.3,3.7,14.8,71.1,0.7,1.1,56.6,QB,2025-08-14 15:04:24,,,,,,,,,,,,,,,,
Dillon Gabriel CLE,126.3,79.1,754.2,3.6,2.5,11.5,43.1,0.4,0.8,47.6,QB,2025-08-14 15:04:24,,,,,,,,,,,,,,,,
Shedeur Sanders CLE,112.0,68.0,667.2,3.3,2.6,13.8,41.5,0.2,0.7,40.8,QB,2025-08-14 15:04:24,,,,,,,,,,,,,,,,
Jalen Milroe SEA,14.3,9.0,120.5,0.8,0.8,24.0,105.8,1.0,0.3,23.0,QB,2025-08-14 15:04:24,,,,,,,,,,,,,,,,
Mason Rudolph PIT,20.4,13.5,151.7,0.9,0.7,18.8,67.8,0.5,0.0,18.8,QB,2025-08-14 15:04:24,,,,,,,,,,,,,,,,
Jameis Winston NYG,29.0,18.3,262.8,1.5,1.3,2.3,10.8,0.0,0.0,16.3,QB,2025-08-14 15:04:24,,,,,,,,,,,,,,,,
Malik Willis GB,23.4,14.7,179.9,1.1,0.3,6.1,35.2,0.3,0.0,16.2,QB,2025-08-14 15:04:24,,,,,,,,,,,,,,,,
Marcus Mariota WAS,22.6,15.2,172.3,1.1,0.3,4.5,22.3,0.0,0.0,13.1,QB,2025-08-14 15:04:24,,,,,,,,,,,,,,,,
Jimmy Garoppolo LAR,22.9,14.6,179.2,1.3,0.5,1.4,6.1,0.0,0.0,12.5,QB,2025-08-14 15:04:24,,,,,,,,,,,,,,,,
Mac Jones SF,25.5,16.2,197.0,1.1,0.8,2.4,9.4,0.0,0.0,12.2,QB,2025-08-14 15:04:24,,,,,,,,,,,,,,,,
Joshua Dobbs NE,24.5,15.8,177.3,1.1,0.8,2.5,15.7,0.0,0.0,12.1,QB,2025-08-14 15:04:24,,,,,,,,,,,,,,,,
Tyrod Taylor NYJ,18.8,11.8,187.2,0.9,0.9,4.9,23.0,0.0,0.4,11.9,QB,2025-08-14 15:04:24,,,,,,,,,,,,,,,,
Zach Wilson MIA,22.9,14.8,165.2,1.1,0.4,3.4,12.2,0.0,0.0,11.8,QB,2025-08-14 15:04:24,,,,,,,,,,,,,,,,
Jake Browning CIN,16.1,11.0,150.1,1.1,0.4,1.7,11.2,0.0,0.0,11.2,QB,2025-08-14 15:04:24,,,,,,,,,,,,,,,,
Aidan O'Connell LV,25.1,16.3,186.4,1.1,0.5,2.0,6.3,0.0,0.3,11.1,QB,2025-08-14 15:04:24,,,,,,,,,,,,,,,,
Sam Howell MIN,14.5,8.9,140.5,1.1,0.7,2.7,12.6,0.0,0.0,10.5,QB,2025-08-14 15:04:24,,,,,,,,,,,,,,,,
Jacoby Brissett ARI,20.8,13.8,166.3,0.8,0.5,2.4,11.9,0.0,0.0,10.5,QB,2025-08-14 15:04:24,,,,,,,,,,,,,,,,
Gardner Minshew II KC,21.4,14.3,169.5,1.1,0.5,2.4,9.7,0.0,0.7,10.2,QB,2025-08-14 15:04:24,,,,,,,,,,,,,,,,
Joe Milton III DAL,15.9,10.4,138.1,0.8,0.4,2.2,15.7,0.0,0.0,9.7,QB,2025-08-14 15:04:24,,,,,,,,,,,,,,,,
Hendon Hooker DET,13.7,9.2,141.6,0.7,0.4,2.6,9.4,0.0,0.0,9.2,QB,2025-08-14 15:04:24,,,,,,,,,,,,,,,,
Mitchell Trubisky BUF,13.1,8.2,132.5,0.7,0.4,2.6,10.5,0.0,0.0,8.9,QB,2025-08-14 15:04:24,,,,,,,,,,,,,,,,
Nick Mullens JAC,14.0,9.5,142.4,0.7,0.7,2.1,8.7,0.0,0.0,8.8,QB,2025-08-14 15:04:24,,,,,,,,,,,,,,,,
Jarrett Stidham DEN,13.8,9.2,129.2,0.8,0.4,2.2,10.2,0.0,0.0,8.8,QB,2025-08-14 15:04:24,,,,,,,,,,,,,,,,
Cooper Rush BAL,11.6,8.1,134.9,0.8,0.4,3.1,13.4,0.0,0.4,8.7,QB,2025-08-14 15:04:24,,,,,,,,,,,,,,,,
Davis Mills HOU,14.0,8.4,129.0,0.7,0.4,2.1,8.6,0.0,0.0,8.6,QB,2025-08-14 15:04:24,,,,,,,,,,,,,,,,
Drew Lock SEA,14.3,9.3,132.2,0.7,0.7,2.2,8.5,0.0,0.0,8.4,QB,2025-08-14 15:04:24,,,,,,,,,,,,,,,,
Tanner McKee PHI,11.1,7.1,124.8,0.7,0.4,3.1,8.0,0.0,0.0,8.4,QB,2025-08-14 15:04:24,,,,,,,,,,,,,,,,
Andy Dalton CAR,14.1,9.0,128.2,0.7,0.7,2.1,8.6,0.0,0.0,8.2,QB,2025-08-14 15:04:24,,,,,,,,,,,,,,,,
Tyson Bagent CHI,11.5,7.0,111.7,0.7,0.3,2.5,14.3,0.0,0.0,8.2,QB,2025-08-14 15:04:24,,,,,,,,,,,,,,,,
Brandon Allen TEN,12.8,8.2,123.7,0.7,0.7,2.1,6.6,0.0,0.0,7.8,QB,2025-08-14 15:04:24,,,,,,,,,,,,,,,,
Quinn Ewers MIA,9.0,6.0,108.7,0.7,0.3,1.0,7.7,0.0,0.0,7.4,QB,2025-08-14 15:04:24,,,,,,,,,,,,,,,,
Kirk Cousins ATL,12.8,8.3,130.0,0.7,0.6,1.7,6.3,0.0,0.4,7.3,QB,2025-08-14 15:04:24,,,,,,,,,,,,,,,,
Kyle Trask TB,5.7,3.5,120.2,0.7,0.6,0.3,4.5,0.0,0.0,7.3,QB,2025-08-14 15:04:24,,,,,,,,,,,,,,,,
Trey Lance LAC,10.0,6.0,109.3,0.3,0.3,2.0,16.0,0.0,0.0,7.0,QB,2025-08-14 15:04:24,,,,,,,,,,,,,,,,
Deshaun Watson CLE,0.0,0.0,99.0,0.5,0.5,0.0,12.0,0.0,0.0,6.7,QB,2025-08-14 15:04:24,,,,,,,,,,,,,,,,
Case Keenum CHI,14.4,8.7,91.9,0.6,0.1,1.1,2.4,0.0,0.0,6.3,QB,2025-08-14 15:04:24,,,,,,,,,,,,,,,,
Jake Haener NO,11.0,6.5,68.5,0.5,0.5,2.5,11.5,0.0,0.0,5.4,QB,2025-08-14 15:04:24,,,,,,,,,,,,,,,,
Josh Johnson WAS,10.5,7.5,64.5,0.5,0.0,2.5,4.0,0.0,0.0,5.0,QB,2025-08-14 15:04:24,,,,,,,,,,,,,,,,
Cam Miller LV,9.0,6.0,62.0,0.5,0.0,1.0,3.5,0.0,0.0,4.8,QB,2025-08-14 15:04:24,,,,,,,,,,,,,,,,
Graham Mertz HOU,8.5,5.5,60.0,0.5,0.0,1.0,4.0,0.0,0.0,4.8,QB,2025-08-14 15:04:24,,,,,,,,,,,,,,,,
Kyle McCord PHI,6.5,4.5,51.5,0.5,0.0,1.5,7.0,0.0,0.0,4.8,QB,2025-08-14 15:04:24,,,,,,,,,,,,,,,,
Will Howard PIT,8.0,5.0,57.0,0.5,0.0,1.0,4.0,0.0,0.0,4.7,QB,2025-08-14 15:04:24,,,,,,,,,,,,,,,,
Riley Leonard IND,7.5,4.0,51.5,0.5,0.5,1.0,5.0,0.0,0.0,4.1,QB,2025-08-14 15:04:24,,,,,,,,,,,,,,,,
Clayton Tune ARI,9.5,6.5,39.5,0.5,0.0,2.5,3.0,0.0,0.5,2.9,QB,2025-08-14 15:04:24,,,,,,,,,,,,,,,,
Taylor Heinicke LAC,5.6,3.5,38.9,0.2,0.2,0.4,2.1,0.0,0.0,2.6,QB,2025-08-14 15:04:24,,,,,,,,,,,,,,,,
Tyler Huntley CLE,0.0,0.0,47.0,0.0,0.0,0.0,3.5,0.0,0.0,2.2,QB,2025-08-14 15:04:24,,,,,,,,,,,,,,,,
Kyle Allen DET,0.0,0.0,0.0,0.0,0.0,0.0,0.0,0.0,0.0,0.0,QB,2025-08-14 15:04:24,,,,,,,,,,,,,,,,
Mike White BUF,0.0,0.0,0.0,0.0,0.0,0.0,0.0,0.0,0.0,0.0,QB,2025-08-14 15:04:24,,,,,,,,,,,,,,,,
Brett Rypien MIN,0.0,0.0,0.0,0.0,0.0,0.0,0.0,0.0,0.0,0.0,QB,2025-08-14 15:04:24,,,,,,,,,,,,,,,,
Easton Stick ATL,0.0,0.0,0.0,0.0,0.0,0.0,0.0,0.0,0.0,0.0,QB,2025-08-14 15:04:24,,,,,,,,,,,,,,,,
Logan Woodside PIT,0.0,0.0,0.0,0.0,0.0,0.0,0.0,0.0,0.0,0.0,QB,2025-08-14 15:04:24,,,,,,,,,,,,,,,,
Teddy Bridgewater TB,0.0,0.0,0.0,0.0,0.0,0.0,0.0,0.0,0.0,0.0,QB,2025-08-14 15:04:24,,,,,,,,,,,,,,,,
John Wolford JAC,0.0,0.0,0.0,0.0,0.0,0.0,0.0,0.0,0.0,0.0,QB,2025-08-14 15:04:24,,,,,,,,,,,,,,,,
Sam Ehlinger DEN,0.0,0.0,0.0,0.0,0.0,0.0,0.0,0.0,0.0,0.0,QB,2025-08-14 15:04:24,,,,,,,,,,,,,,,,
Desmond Ridder CIN,0.0,0.0,0.0,0.0,0.0,0.0,0.0,0.0,0.0,0.0,QB,2025-08-14 15:04:24,,,,,,,,,,,,,,,,
Bailey Zappe KC,0.0,0.0,0.0,0.0,0.0,0.0,0.0,0.0,0.0,0.0,QB,2025-08-14 15:04:24,,,,,,,,,,,,,,,,
Skylar Thompson PIT,0.0,0.0,0.0,0.0,0.0,0.0,0.0,0.0,0.0,0.0,QB,2025-08-14 15:04:24,,,,,,,,,,,,,,,,
Chris Oladokun KC,0.0,0.0,0.0,0.0,0.0,0.0,0.0,0.0,0.0,0.0,QB,2025-08-14 15:04:24,,,,,,,,,,,,,,,,
Shane Buechele BUF,0.0,0.0,0.0,0.0,0.0,0.0,0.0,0.0,0.0,0.0,QB,2025-08-14 15:04:24,,,,,,,,,,,,,,,,
Stetson Bennett IV LAR,0.0,0.0,0.0,0.0,0.0,0.0,0.0,0.0,0.0,0.0,QB,2025-08-14 15:04:24,,,,,,,,,,,,,,,,
Sean Clifford GB,0.0,0.0,0.0,0.0,0.0,0.0,0.0,0.0,0.0,0.0,QB,2025-08-14 15:04:24,,,,,,,,,,,,,,,,
Dorian Thompson-Robinson PHI,0.0,0.0,0.0,0.0,0.0,0.0,0.0,0.0,0.0,0.0,QB,2025-08-14 15:04:24,,,,,,,,,,,,,,,,
Tommy DeVito NYG,0.0,0.0,0.0,0.0,0.0,0.0,0.0,0.0,0.0,0.0,QB,2025-08-14 15:04:24,,,,,,,,,,,,,,,,
Devin Leary BAL,0.0,0.0,0.0,0.0,0.0,0.0,0.0,0.0,0.0,0.0,QB,2025-08-14 15:04:24,,,,,,,,,,,,,,,,
Michael Pratt TB,0.0,0.0,0.0,0.0,0.0,0.0,0.0,0.0,0.0,0.0,QB,2025-08-14 15:04:24,,,,,,,,,,,,,,,,
Kurtis Rourke SF,0.0,0.0,0.0,0.0,0.0,0.0,0.0,0.0,0.0,0.0,QB,2025-08-14 15:04:24,,,,,,,,,,,,,,,,
Trevor Siemian TEN,0.0,0.0,0.0,0.0,0.0,0.0,0.0,0.0,0.0,0.0,QB,2025-08-14 15:04:24,,,,,,,,,,,,,,,,
Saquon Barkley PHI,,,,,,327.8,1661.5,10.8,1.4,273.1,RB,2025-08-14 15:04:27,41.9,318.2,2.2,,,,,,,,,,,,,
Bijan Robinson ATL,,,,,,304.4,1420.0,11.4,1.4,263.2,RB,2025-08-14 15:04:27,56.9,427.9,2.1,,,,,,,,,,,,,
Jahmyr Gibbs DET,,,,,,239.9,1239.5,11.7,1.3,258.9,RB,2025-08-14 15:04:27,57.7,508.8,2.8,,,,,,,,,,,,,
Derrick Henry BAL,,,,,,295.2,1508.5,13.3,1.4,248.4,RB,2025-08-14 15:04:27,16.4,153.1,0.9,,,,,,,,,,,,,
Christian McCaffrey SF,,,,,,233.2,1062.6,7.9,1.8,228.4,RB,2025-08-14 15:04:27,65.1,570.1,3.6,,,,,,,,,,,,,
Josh Jacobs GB,,,,,,284.2,1211.8,11.3,1.5,226.1,RB,2025-08-14 15:04:27,38.1,316.0,1.5,,,,,,,,,,,,,
De'Von Achane MIA,,,,,,223.3,1032.9,7.8,1.3,223.1,RB,2025-08-14 15:04:27,69.5,513.7,4.1,,,,,,,,,,,,,
Ashton Jeanty LV,,,,,,273.0,1204.0,9.0,2.4,217.4,RB,2025-08-14 15:04:27,46.3,366.3,1.9,,,,,,,,,,,,,
Jonathan Taylor IND,,,,,,297.7,1359.2,9.6,1.6,216.5,RB,2025-08-14 15:04:27,25.7,194.4,1.1,,,,,,,,,,,,,
Kyren Williams LAR,,,,,,275.7,1192.4,11.2,2.3,213.0,RB,2025-08-14 15:04:27,33.7,213.8,1.7,,,,,,,,,,,,,
Bucky Irving TB,,,,,,234.7,1110.7,8.3,1.4,202.5,RB,2025-08-14 15:04:27,44.4,343.3,1.7,,,,,,,,,,,,,
Chase Brown CIN,,,,,,234.6,984.0,7.8,1.4,196.3,RB,2025-08-14 15:04:27,54.0,377.5,2.7,,,,,,,,,,,,,
James Cook BUF,,,,,,222.0,1049.7,9.5,1.4,196.1,RB,2025-08-14 15:04:27,31.4,258.5,1.9,,,,,,,,,,,,,
James Conner ARI,,,,,,213.9,971.1,7.8,1.4,182.6,RB,2025-08-14 15:04:27,41.2,314.9,1.7,,,,,,,,,,,,,
Breece Hall NYJ,,,,,,224.5,1000.0,5.9,1.9,182.6,RB,2025-08-14 15:04:27,46.7,383.8,2.1,,,,,,,,,,,,,
Kenneth Walker III SEA,,,,,,234.8,968.3,8.2,1.3,182.0,RB,2025-08-14 15:04:27,43.3,309.2,1.3,,,,,,,,,,,,,
Alvin Kamara NO,,,,,,215.5,903.5,5.1,1.3,178.0,RB,2025-08-14 15:04:27,63.0,475.6,2.0,,,,,,,,,,,,,
Omarion Hampton LAC,,,,,,213.0,938.2,8.3,2.1,175.3,RB,2025-08-14 15:04:27,34.7,268.8,1.5,,,,,,,,,,,,,
Chuba Hubbard CAR,,,,,,229.8,1031.9,7.6,1.8,174.3,RB,2025-08-14 15:04:27,37.8,229.8,1.1,,,,,,,,,,,,,
D'Andre Swift CHI,,,,,,238.7,967.1,6.1,1.1,167.0,RB,2025-08-14 15:04:27,36.7,283.0,1.2,,,,,,,,,,,,,
David Montgomery DET,,,,,,196.6,819.0,8.9,1.0,164.5,RB,2025-08-14 15:04:27,31.4,258.5,0.9,,,,,,,,,,,,,
Joe Mixon HOU,,,,,,206.7,822.4,7.5,0.9,159.2,RB,2025-08-14 15:04:27,33.4,258.7,1.3,,,,,,,,,,,,,
Aaron Jones Sr. MIN,,,,,,198.6,890.7,4.6,1.8,158.9,RB,2025-08-14 15:04:27,44.1,325.8,2.2,,,,,,,,,,,,,
Tony Pollard TEN,,,,,,227.5,958.5,5.4,1.0,157.2,RB,2025-08-14 15:04:27,40.2,257.9,0.9,,,,,,,,,,,,,
TreVeyon Henderson NE,,,,,,202.4,891.8,5.7,1.7,154.8,RB,2025-08-14 15:04:27,33.3,258.5,1.5,,,,,,,,,,,,,
Brian Robinson Jr. WAS,,,,,,196.7,809.6,7.3,1.4,145.6,RB,2025-08-14 15:04:27,23.4,175.8,1.0,,,,,,,,,,,,,
Kaleb Johnson PIT,,,,,,202.7,858.1,6.6,1.7,145.6,RB,2025-08-14 15:04:27,23.2,178.1,1.0,,,,,,,,,,,,,
Isiah Pacheco KC,,,,,,203.7,838.2,5.7,1.0,144.8,RB,2025-08-14 15:04:27,32.9,225.1,1.0,,,,,,,,,,,,,
RJ Harvey DEN,,,,,,174.0,761.6,5.2,1.0,140.9,RB,2025-08-14 15:04:27,33.6,257.3,1.6,,,,,,,,,,,,,
Tyrone Tracy Jr. NYG,,,,,,188.6,801.6,5.0,1.6,139.1,RB,2025-08-14 15:04:27,35.2,259.4,1.1,,,,,,,,,,,,,
Jaylen Warren PIT,,,,,,148.8,677.1,3.8,1.0,129.0,RB,2025-08-14 15:04:27,47.1,343.1,1.1,,,,,,,,,,,,,
J.K. Dobbins DEN,,,,,,148.4,657.8,4.9,1.2,118.9,RB,2025-08-14 15:04:27,29.2,187.9,1.2,,,,,,,,,,,,,
Jordan Mason MIN,,,,,,163.9,754.4,4.4,0.7,117.8,RB,2025-08-14 15:04:27,17.6,128.1,0.7,,,,,,,,,,,,,
Javonte Williams DAL,,,,,,174.9,645.7,4.2,0.9,117.5,RB,2025-08-14 15:04:27,35.9,229.5,1.1,,,,,,,,,,,,,
Rhamondre Stevenson NE,,,,,,156.7,636.8,4.8,1.5,113.5,RB,2025-08-14 15:04:27,28.0,177.2,1.1,,,,,,,,,,,,,
Travis Etienne Jr. JAC,,,,,,141.1,577.1,3.7,0.9,112.7,RB,2025-08-14 15:04:27,37.7,279.0,1.2,,,,,,,,,,,,,
Austin Ekeler WAS,,,,,,95.3,414.8,4.1,1.0,111.2,RB,2025-08-14 15:04:27,44.9,367.1,1.8,,,,,,,,,,,,,
Zach Charbonnet SEA,,,,,,126.7,536.0,4.5,0.8,108.8,RB,2025-08-14 15:04:27,33.2,244.8,0.9,,,,,,,,,,,,,
Quinshon Judkins CLE,,,,,,151.5,640.4,4.1,1.2,108.1,RB,2025-08-14 15:04:27,22.4,168.4,0.9,,,,,,,,,,,,,
Najee Harris LAC,,,,,,141.4,567.3,5.0,0.8,105.8,RB,2025-08-14 15:04:27,22.0,159.5,0.8,,,,,,,,,,,,,
Rachaad White TB,,,,,,114.5,462.5,2.8,1.3,101.7,RB,2025-08-14 15:04:27,37.6,282.9,2.1,,,,,,,,,,,,,
Tyjae Spears TEN,,,,,,124.6,498.2,3.7,0.9,101.3,RB,2025-08-14 15:04:27,33.6,251.9,1.0,,,,,,,,,,,,,
Cam Skattebo NYG,,,,,,129.4,555.6,3.6,1.2,99.3,RB,2025-08-14 15:04:27,24.8,190.7,0.9,,,,,,,,,,,,,
Tank Bigsby JAC,,,,,,151.8,612.8,5.0,1.2,98.2,RB,2025-08-14 15:04:27,11.2,81.6,0.2,,,,,,,,,,,,,
Trey Benson ARI,,,,,,138.1,600.5,3.9,0.9,95.5,RB,2025-08-14 15:04:27,13.9,104.7,0.5,,,,,,,,,,,,,
Jerome Ford CLE,,,,,,120.0,511.5,2.8,0.8,91.1,RB,2025-08-14 15:04:27,28.4,192.5,0.9,,,,,,,,,,,,,
Jaylen Wright MIA,,,,,,134.7,565.2,3.7,1.5,88.9,RB,2025-08-14 15:04:27,14.6,100.5,0.6,,,,,,,,,,,,,
Ray Davis BUF,,,,,,118.8,499.5,3.7,0.8,87.1,RB,2025-08-14 15:04:27,12.4,105.5,1.0,,,,,,,,,,,,,
Dylan Sampson CLE,,,,,,118.7,480.9,2.7,0.8,85.9,RB,2025-08-14 15:04:27,23.3,177.5,0.9,,,,,,,,,,,,,
Tyler Allgeier ATL,,,,,,119.8,549.7,3.3,0.8,84.3,RB,2025-08-14 15:04:27,12.7,92.2,0.3,,,,,,,,,,,,,
Jaydon Blue DAL,,,,,,109.2,476.9,2.9,0.8,83.2,RB,2025-08-14 15:04:27,19.3,150.7,0.8,,,,,,,,,,,,,
Isaac Guerendo SF,,,,,,113.1,488.7,3.9,0.9,81.9,RB,2025-08-14 15:04:27,10.6,93.2,0.4,,,,,,,,,,,,,
Rico Dowdle CAR,,,,,,107.3,459.1,2.6,0.8,80.9,RB,2025-08-14 15:04:27,20.9,143.0,1.1,,,,,,,,,,,,,
Nick Chubb HOU,,,,,,118.9,484.3,3.8,0.5,80.5,RB,2025-08-14 15:04:27,9.9,75.6,0.4,,,,,,,,,,,,,
Roschon Johnson CHI,,,,,,96.6,346.6,5.0,0.4,78.7,RB,2025-08-14 15:04:27,19.0,123.9,0.5,,,,,,,,,,,,,
Bhayshul Tuten JAC,,,,,,91.9,398.0,2.7,0.8,73.2,RB,2025-08-14 15:04:27,17.5,138.0,0.8,,,,,,,,,,,,,
Braelon Allen NYJ,,,,,,100.5,390.9,2.7,0.4,71.9,RB,2025-08-14 15:04:27,16.6,123.1,0.8,,,,,,,,,,,,,
MarShawn Lloyd GB,,,,,,105.6,381.4,2.9,0.8,69.2,RB,2025-08-14 15:04:27,13.5,108.5,0.7,,,,,,,,,,,,,
Kareem Hunt KC,,,,,,82.4,314.4,3.3,0.1,68.2,RB,2025-08-14 15:04:27,18.3,126.2,0.7,,,,,,,,,,,,,
Miles Sanders DAL,,,,,,93.9,404.7,2.3,0.5,64.6,RB,2025-08-14 15:04:27,12.0,77.5,0.6,,,,,,,,,,,,,
Kendre Miller NO,,,,,,95.0,365.9,3.4,0.4,64.5,RB,2025-08-14 15:04:27,9.7,72.6,0.2,,,,,,,,,,,,,
Raheem Mostert LV,,,,,,77.5,289.9,2.6,0.8,60.0,RB,2025-08-14 15:04:27,18.1,133.8,0.6,,,,,,,,,,,,,
Blake Corum LAR,,,,,,96.3,350.7,2.4,0.4,59.5,RB,2025-08-14 15:04:27,12.0,87.5,0.3,,,,,,,,,,,,,
Justice Hill BAL,,,,,,41.8,185.1,1.1,0.4,56.6,RB,2025-08-14 15:04:27,27.3,222.3,1.7,,,,,,,,,,,,,
Woody Marks HOU,,,,,,72.3,259.1,1.8,0.1,56.6,RB,2025-08-14 15:04:27,20.0,146.4,1.0,,,,,,,,,,,,,
Keaton Mitchell BAL,,,,,,75.6,330.0,1.7,0.0,54.1,RB,2025-08-14 15:04:27,8.6,83.4,0.5,,,,,,,,,,,,,
Samaje Perine CIN,,,,,,51.2,200.4,1.5,0.7,53.5,RB,2025-08-14 15:04:27,21.2,195.7,1.1,,,,,,,,,,,,,
Khalil Herbert IND,,,,,,84.6,325.0,2.1,0.0,51.8,RB,2025-08-14 15:04:27,8.3,54.0,0.2,,,,,,,,,,,,,
Ty Johnson BUF,,,,,,45.7,208.1,1.0,0.1,51.6,RB,2025-08-14 15:04:27,15.2,165.1,1.5,,,,,,,,,,,,,
Jarquez Hunter LAR,,,,,,57.1,245.0,1.9,0.7,43.9,RB,2025-08-14 15:04:27,8.5,69.0,0.4,,,,,,,,,,,,,
Antonio Gibson NE,,,,,,51.5,209.5,1.0,0.0,42.4,RB,2025-08-14 15:04:27,15.8,127.1,0.5,,,,,,,,,,,,,
Elijah Mitchell KC,,,,,,62.5,235.9,1.9,0.1,42.2,RB,2025-08-14 15:04:27,8.5,49.6,0.4,,,,,,,,,,,,,
Devin Singletary NYG,,,,,,51.8,234.9,1.5,0.4,39.0,RB,2025-08-14 15:04:27,9.4,63.3,0.1,,,,,,,,,,,,,
Trevor Etienne CAR,,,,,,47.8,191.3,1.5,0.4,38.3,RB,2025-08-14 15:04:27,10.7,86.8,0.4,,,,,,,,,,,,,
Tahj Brooks CIN,,,,,,24.9,225.4,1.9,0.6,38.0,RB,2025-08-14 15:04:27,6.7,48.2,0.1,,,,,,,,,,,,,
Kenneth Gainwell PIT,,,,,,53.9,196.5,1.3,0.4,37.7,RB,2025-08-14 15:04:27,12.5,88.6,0.4,,,,,,,,,,,,,
Will Shipley PHI,,,,,,37.4,199.4,1.3,0.1,36.2,RB,2025-08-14 15:04:27,8.3,61.8,0.4,,,,,,,,,,,,,
Sean Tucker TB,,,,,,44.8,231.4,1.4,0.7,36.1,RB,2025-08-14 15:04:27,5.1,40.1,0.3,,,,,,,,,,,,,
Devin Neal NO,,,,,,38.8,204.6,1.3,0.1,35.9,RB,2025-08-14 15:04:27,7.3,54.5,0.4,,,,,,,,,,,,,
Emanuel Wilson GB,,,,,,41.9,202.7,1.4,0.3,35.6,RB,2025-08-14 15:04:27,7.4,53.9,0.4,,,,,,,,,,,,,
Kyle Monangai CHI,,,,,,33.4,213.0,1.8,0.0,35.0,RB,2025-08-14 15:04:27,4.4,31.6,0.0,,,,,,,,,,,,,
Jaleel McLaughlin DEN,,,,,,30.5,142.6,0.8,0.5,34.3,RB,2025-08-14 15:04:27,18.2,110.4,0.9,,,,,,,,,,,,,
Zamir White LV,,,,,,56.1,190.2,1.1,0.0,33.6,RB,2025-08-14 15:04:27,8.6,61.7,0.3,,,,,,,,,,,,,
A.J. Dillon PHI,,,,,,50.1,199.1,1.6,0.0,32.7,RB,2025-08-14 15:04:27,3.6,28.6,0.1,,,,,,,,,,,,,
Jacory Croskey-Merritt WAS,,,,,,33.0,169.7,1.4,0.0,28.3,RB,2025-08-14 15:04:27,3.7,27.3,0.1,,,,,,,,,,,,,
DJ Giddens IND,,,,,,24.1,154.3,1.2,0.0,27.1,RB,2025-08-14 15:04:27,5.8,43.6,0.1,,,,,,,,,,,,,
Jordan James SF,,,,,,26.9,154.8,1.3,0.0,26.1,RB,2025-08-14 15:04:27,3.3,29.5,0.0,,,,,,,,,,,,,
Ollie Gordon II MIA,,,,,,31.9,151.3,1.2,0.4,26.1,RB,2025-08-14 15:04:27,5.1,36.3,0.1,,,,,,,,,,,,,
Brashard Smith KC,,,,,,9.7,97.0,0.7,0.0,25.5,RB,2025-08-14 15:04:27,10.9,80.3,0.7,,,,,,,,,,,,,
Audric Estime DEN,,,,,,45.5,148.6,0.9,0.4,25.1,RB,2025-08-14 15:04:27,5.8,40.1,0.2,,,,,,,,,,,,,
Amar Johnson GB,,,,,,35.0,164.0,1.0,0.0,25.0,RB,2025-08-14 15:04:27,2.0,26.0,0.0,,,,,,,,,,,,,
Kyle Juszczyk SF,,,,,,6.7,26.8,0.4,0.4,24.2,RB,2025-08-14 15:04:27,14.1,136.3,1.1,,,,,,,,,,,,,
Isaiah Davis NYJ,,,,,,28.3,144.5,0.8,0.0,23.7,RB,2025-08-14 15:04:27,5.1,36.3,0.1,,,,,,,,,,,,,
Chris Brooks GB,,,,,,30.9,139.4,0.9,0.0,22.9,RB,2025-08-14 15:04:27,5.0,32.1,0.0,,,,,,,,,,,,,
Clyde Edwards-Helaire NO,,,,,,41.5,126.7,0.6,0.1,22.1,RB,2025-08-14 15:04:27,5.7,42.7,0.3,,,,,,,,,,,,,
Kimani Vidal LAC,,,,,,35.4,105.4,0.6,0.0,20.0,RB,2025-08-14 15:04:27,5.4,41.2,0.3,,,,,,,,,,,,,
Chris Rodriguez Jr. WAS,,,,,,33.0,121.8,0.9,0.0,19.3,RB,2025-08-14 15:04:27,1.8,13.4,0.0,,,,,,,,,,,,,
Sincere McCormick LV,,,,,,23.7,112.9,0.8,0.1,19.2,RB,2025-08-14 15:04:27,4.3,29.9,0.1,,,,,,,,,,,,,
Emari Demercado ARI,,,,,,18.7,106.3,0.4,0.0,19.1,RB,2025-08-14 15:04:27,8.1,54.1,0.1,,,,,,,,,,,,,
Ty Chandler MIN,,,,,,18.9,96.3,0.7,0.0,18.3,RB,2025-08-14 15:04:27,5.5,38.8,0.1,,,,,,,,,,,,,
Cam Akers NO,,,,,,36.1,113.4,0.6,0.0,18.0,RB,2025-08-14 15:04:27,3.0,20.4,0.1,,,,,,,,,,,,,
Kalel Mullings TEN,,,,,,10.4,96.5,0.6,0.0,15.8,RB,2025-08-14 15:04:27,3.0,21.8,0.0,,,,,,,,,,,,,
Damien Martinez SEA,,,,,,8.6,97.0,0.6,0.0,15.7,RB,2025-08-14 15:04:27,3.0,22.0,0.0,,,,,,,,,,,,,
Dameon Pierce HOU,,,,,,4.5,81.6,0.7,1.0,15.4,RB,2025-08-14 15:04:27,5.8,40.1,0.1,,,,,,,,,,,,,
Patrick Taylor Jr. SF,,,,,,29.1,89.6,0.4,0.0,14.5,RB,2025-08-14 15:04:27,2.9,21.5,0.2,,,,,,,,,,,,,
Tyler Goodson IND,,,,,,16.5,67.0,0.3,0.0,13.7,RB,2025-08-14 15:04:27,4.3,30.3,0.3,,,,,,,,,,,,,
Rasheen Ali BAL,,,,,,5.2,80.8,0.6,0.0,13.6,RB,2025-08-14 15:04:27,2.4,17.7,0.1,,,,,,,,,,,,,
Jeremy McNichols WAS,,,,,,19.7,73.6,0.7,0.0,13.4,RB,2025-08-14 15:04:27,2.7,15.3,0.0,,,,,,,,,,,,,
Raheem Blackshear CAR,,,,,,30.4,86.8,0.5,0.5,13.2,RB,2025-08-14 15:04:27,2.8,20.6,0.1,,,,,,,,,,,,,
Michael Burton DEN,,,,,,6.7,14.6,0.6,0.0,13.0,RB,2025-08-14 15:04:27,7.1,45.6,0.6,,,,,,,,,,,,,
Craig Reynolds DET,,,,,,8.5,38.0,0.1,0.0,12.4,RB,2025-08-14 15:04:27,7.0,55.9,0.4,,,,,,,,,,,,,
Travis Homer CHI,,,,,,22.2,71.6,0.3,0.0,12.3,RB,2025-08-14 15:04:27,3.3,25.0,0.1,,,,,,,,,,,,,
Ronnie Rivers LAR,,,,,,31.7,90.4,0.5,0.0,12.2,RB,2025-08-14 15:04:27,0.3,2.3,0.0,,,,,,,,,,,,,
Alec Ingold MIA,,,,,,8.9,21.2,0.6,0.4,11.6,RB,2025-08-14 15:04:27,6.1,44.1,0.4,,,,,,,,,,,,,
C.J. Ham MIN,,,,,,3.0,13.6,1.0,0.0,11.3,RB,2025-08-14 15:04:27,5.3,34.8,0.1,,,,,,,,,,,,,
Michael Carter ARI,,,,,,9.6,41.2,0.2,0.0,11.3,RB,2025-08-14 15:04:27,6.6,44.9,0.3,,,,,,,,,,,,,
Darrynton Evans BUF,,,,,,15.4,57.9,0.4,0.0,10.6,RB,2025-08-14 15:04:27,2.0,20.2,0.1,,,,,,,,,,,,,
Pierre Strong Jr. CLE,,,,,,15.9,53.9,0.2,0.0,10.6,RB,2025-08-14 15:04:27,4.4,32.8,0.1,,,,,,,,,,,,,
LeQuint Allen Jr. JAC,,,,,,4.0,50.9,0.6,0.0,10.6,RB,2025-08-14 15:04:27,3.0,22.0,0.0,,,,,,,,,,,,,
Carson Steele KC,,,,,,27.3,70.3,0.3,0.7,10.2,RB,2025-08-14 15:04:27,4.1,22.2,0.1,,,,,,,,,,,,,
Jordan Mims TEN,,,,,,14.8,62.1,0.3,0.0,9.9,RB,2025-08-14 15:04:27,2.0,14.1,0.1,,,,,,,,,,,,,
Israel Abanikanda GB,,,,,,13.3,54.8,0.4,0.0,9.2,RB,2025-08-14 15:04:27,1.3,10.7,0.1,,,,,,,,,,,,,
Hassan Haskins LAC,,,,,,15.5,35.0,0.3,0.0,8.9,RB,2025-08-14 15:04:27,1.3,13.7,0.3,,,,,,,,,,,,,
Dare Ogunbowale HOU,,,,,,5.2,24.9,0.1,0.0,8.0,RB,2025-08-14 15:04:27,5.3,40.6,0.2,,,,,,,,,,,,,
Julius Chestnut TEN,,,,,,9.9,30.3,0.1,0.0,7.9,RB,2025-08-14 15:04:27,4.4,31.6,0.2,,,,,,,,,,,,,
Frank Gore Jr. BUF,,,,,,10.2,42.8,0.2,0.0,7.7,RB,2025-08-14 15:04:27,2.0,14.9,0.1,,,,,,,,,,,,,
Patrick Ricard BAL,,,,,,4.1,11.5,0.1,0.0,7.5,RB,2025-08-14 15:04:27,3.4,28.0,0.5,,,,,,,,,,,,,
Deuce Vaughn DAL,,,,,,9.0,35.4,0.1,0.0,7.0,RB,2025-08-14 15:04:27,3.1,21.4,0.1,,,,,,,,,,,,,
Gary Brightwell CIN,,,,,,8.1,33.8,0.2,0.0,6.8,RB,2025-08-14 15:04:27,2.4,16.7,0.1,,,,,,,,,,,,,
Eric Gray NYG,,,,,,11.9,42.7,0.2,0.5,6.0,RB,2025-08-14 15:04:27,1.9,14.4,0.1,,,,,,,,,,,,,
Jashaun Corbin ATL,,,,,,9.3,35.1,0.2,0.0,5.7,RB,2025-08-14 15:04:27,1.5,10.6,0.0,,,,,,,,,,,,,
Hunter Luepke DAL,,,,,,4.2,14.6,0.1,0.0,4.9,RB,2025-08-14 15:04:27,3.9,26.6,0.1,,,,,,,,,,,,,
Jase McClellan TB,,,,,,0.0,34.0,0.0,0.0,4.8,RB,2025-08-14 15:04:27,2.0,14.0,0.0,,,,,,,,,,,,,
DeeJay Dallas ARI,,,,,,5.8,22.2,0.1,0.5,4.4,RB,2025-08-14 15:04:27,3.2,21.4,0.1,,,,,,,,,,,,,
J.J. Taylor HOU,,,,,,0.0,0.0,0.0,0.0,4.1,RB,2025-08-14 15:04:27,4.2,28.0,0.2,,,,,,,,,,,,,
Trey Sermon PIT,,,,,,5.0,20.8,0.1,0.0,3.9,RB,2025-08-14 15:04:27,1.6,11.5,0.1,,,,,,,,,,,,,
Zonovan Knight ARI,,,,,,2.4,10.1,0.1,0.0,3.6,RB,2025-08-14 15:04:27,2.1,15.3,0.1,,,,,,,,,,,,,
Elijah Dotson ATL,,,,,,2.6,10.9,0.1,0.0,3.5,RB,2025-08-14 15:04:27,2.0,13.8,0.1,,,,,,,,,,,,,
Velus Jones Jr. NO,,,,,,2.4,10.5,0.1,0.0,3.4,RB,2025-08-14 15:04:27,1.9,13.5,0.1,,,,,,,,,,,,,
Terrell Jennings NE,,,,,,2.4,10.1,0.1,0.0,3.3,RB,2025-08-14 15:04:27,1.9,14.6,0.1,,,,,,,,,,,,,
Dylan Laube LV,,,,,,0.0,10.0,0.0,0.0,2.1,RB,2025-08-14 15:04:27,1.5,11.0,0.0,,,,,,,,,,,,,
Robbie Ouzts SEA,,,,,,0.0,0.0,0.0,0.0,1.9,RB,2025-08-14 15:04:27,2.0,15.0,0.1,,,,,,,,,,,,,
Carlos Washington Jr. ATL,,,,,,0.0,15.0,0.0,0.0,1.9,RB,2025-08-14 15:04:27,0.5,3.5,0.0,,,,,,,,,,,,,
Scott Matlock LAC,,,,,,0.0,0.0,0.0,0.0,1.8,RB,2025-08-14 15:04:27,2.2,14.7,0.1,,,,,,,,,,,,,
Raheim Sanders LAC,,,,,,0.0,10.5,0.0,0.0,1.8,RB,2025-08-14 15:04:27,1.0,7.5,0.0,,,,,,,,,,,,,
Tyler Badie DEN,,,,,,0.0,10.5,0.0,0.0,1.4,RB,2025-08-14 15:04:27,0.5,3.5,0.0,,,,,,,,,,,,,
Phil Mafah DAL,,,,,,0.0,10.5,0.0,0.0,1.4,RB,2025-08-14 15:04:27,0.5,3.5,0.0,,,,,,,,,,,,,
Jeff Wilson Jr. SF,,,,,,0.0,10.5,0.0,0.0,1.4,RB,2025-08-14 15:04:27,0.5,3.5,0.0,,,,,,,,,,,,,
Trayveon Williams CLE,,,,,,1.2,5.1,0.0,0.0,1.4,RB,2025-08-14 15:04:27,1.0,7.0,0.0,,,,,,,,,,,,,
George Holani SEA,,,,,,0.0,8.5,0.0,0.0,1.2,RB,2025-08-14 15:04:27,0.5,3.5,0.0,,,,,,,,,,,,,
D'Ernest Johnson BAL,,,,,,0.0,8.5,0.0,0.0,1.2,RB,2025-08-14 15:04:27,0.5,3.5,0.0,,,,,,,,,,,,,
Avery Williams PHI,,,,,,1.4,5.7,0.0,0.5,1.0,RB,2025-08-14 15:04:27,1.6,10.9,0.1,,,,,,,,,,,,,
Keilan Robinson PHI,,,,,,0.0,2.0,0.0,0.0,0.9,RB,2025-08-14 15:04:27,1.0,7.0,0.0,,,,,,,,,,,,,
Sione Vaki DET,,,,,,0.0,4.5,0.0,0.0,0.8,RB,2025-08-14 15:04:27,0.5,3.5,0.0,,,,,,,,,,,,,
JaMycal Hasty NE,,,,,,0.0,4.0,0.0,0.0,0.8,RB,2025-08-14 15:04:27,0.5,3.5,0.0,,,,,,,,,,,,,
Myles Gaskin BAL,,,,,,0.0,0.0,0.0,0.0,0.0,RB,2025-08-14 15:04:27,0.0,0.0,0.0,,,,,,,,,,,,,
Nyheim Miller-Hines LAC,,,,,,0.0,0.0,0.0,0.0,0.0,RB,2025-08-14 15:04:27,0.0,0.0,0.0,,,,,,,,,,,,,
Andrew Beck NYJ,,,,,,0.0,0.0,0.0,0.0,0.0,RB,2025-08-14 15:04:27,0.0,0.0,0.0,,,,,,,,,,,,,
Jakob Johnson HOU,,,,,,0.0,0.0,0.0,0.0,0.0,RB,2025-08-14 15:04:27,0.0,0.0,0.0,,,,,,,,,,,,,
Ke'Shawn Vaughn SF,,,,,,0.0,0.0,0.0,0.0,0.0,RB,2025-08-14 15:04:27,0.0,0.0,0.0,,,,,,,,,,,,,
Salvon Ahmed IND,,,,,,0.0,0.0,0.0,0.0,0.0,RB,2025-08-14 15:04:27,0.0,0.0,0.0,,,,,,,,,,,,,
Reggie Gilliam BUF,,,,,,0.0,0.0,0.0,0.0,0.0,RB,2025-08-14 15:04:27,0.0,0.0,0.0,,,,,,,,,,,,,
Jonathan Ward NYG,,,,,,0.0,0.0,0.0,0.0,0.0,RB,2025-08-14 15:04:27,0.0,0.0,0.0,,,,,,,,,,,,,
Jermar Jefferson TEN,,,,,,0.0,0.0,0.0,0.0,0.0,RB,2025-08-14 15:04:27,0.0,0.0,0.0,,,,,,,,,,,,,
Demetric Felton Jr. WAS,,,,,,0.0,0.0,0.0,0.0,0.0,RB,2025-08-14 15:04:27,0.0,0.0,0.0,,,,,,,,,,,,,
Kene Nwangwu NYJ,,,,,,0.0,0.0,0.0,0.0,0.0,RB,2025-08-14 15:04:27,0.0,0.0,0.0,,,,,,,,,,,,,
Jaret Patterson LAC,,,,,,0.0,0.0,0.0,0.0,0.0,RB,2025-08-14 15:04:27,0.0,0.0,0.0,,,,,,,,,,,,,
Deon Jackson DET,,,,,,0.0,0.0,0.0,0.0,0.0,RB,2025-08-14 15:04:27,0.0,0.0,0.0,,,,,,,,,,,,,
Keaontay Ingram KC,,,,,,0.0,0.0,0.0,0.0,0.0,RB,2025-08-14 15:04:27,0.0,0.0,0.0,,,,,,,,,,,,,
Brittain Brown CHI,,,,,,0.0,0.0,0.0,0.0,0.0,RB,2025-08-14 15:04:27,0.0,0.0,0.0,,,,,,,,,,,,,
Malik Davis DAL,,,,,,0.0,0.0,0.0,0.0,0.0,RB,2025-08-14 15:04:27,0.0,0.0,0.0,,,,,,,,,,,,,
Evan Hull PIT,,,,,,0.0,0.0,0.0,0.0,0.0,RB,2025-08-14 15:04:27,0.0,0.0,0.0,,,,,,,,,,,,,
Lew Nichols III PIT,,,,,,0.0,0.0,0.0,0.0,0.0,RB,2025-08-14 15:04:27,0.0,0.0,0.0,,,,,,,,,,,,,
Deneric Prince NE,,,,,,0.0,0.0,0.0,0.0,0.0,RB,2025-08-14 15:04:27,0.0,0.0,0.0,,,,,,,,,,,,,
Ben VanSumeren PHI,,,,,,0.0,0.0,0.0,0.0,0.0,RB,2025-08-14 15:04:27,0.0,0.0,0.0,,,,,,,,,,,,,
Brady Russell SEA,,,,,,0.0,0.0,0.0,0.0,0.0,RB,2025-08-14 15:04:27,0.0,0.0,0.0,,,,,,,,,,,,,
Owen Wright TB,,,,,,0.0,0.0,0.0,0.0,0.0,RB,2025-08-14 15:04:27,0.0,0.0,0.0,,,,,,,,,,,,,
Jonathon Brooks CAR,,,,,,0.0,0.0,0.0,0.0,0.0,RB,2025-08-14 15:04:27,0.0,0.0,0.0,,,,,,,,,,,,,
Jawhar Jordan HOU,,,,,,0.0,0.0,0.0,0.0,0.0,RB,2025-08-14 15:04:27,0.0,0.0,0.0,,,,,,,,,,,,,
Dante Miller NYG,,,,,,0.0,0.0,0.0,0.0,0.0,RB,2025-08-14 15:04:27,0.0,0.0,0.0,,,,,,,,,,,,,
Blake Watson DEN,,,,,,0.0,0.0,0.0,0.0,0.0,RB,2025-08-14 15:04:27,0.0,0.0,0.0,,,,,,,,,,,,,
Jacob Saylors DET,,,,,,0.0,0.0,0.0,0.0,0.0,RB,2025-08-14 15:04:27,0.0,0.0,0.0,,,,,,,,,,,,,
British Brooks HOU,,,,,,0.0,0.0,0.0,0.0,0.0,RB,2025-08-14 15:04:27,0.0,0.0,0.0,,,,,,,,,,,,,
Cody Schrader LAR,,,,,,0.0,0.0,0.0,0.0,0.0,RB,2025-08-14 15:04:27,0.0,0.0,0.0,,,,,,,,,,,,,
Kendall Milton CIN,,,,,,0.0,0.0,0.0,0.0,0.0,RB,2025-08-14 15:04:27,0.0,0.0,0.0,,,,,,,,,,,,,
Chris Collier LV,,,,,,0.0,0.0,0.0,0.0,0.0,RB,2025-08-14 15:04:27,0.0,0.0,0.0,,,,,,,,,,,,,
Donovan Edwards NYJ,,,,,,0.0,0.0,0.0,0.0,0.0,RB,2025-08-14 15:04:27,0.0,0.0,0.0,,,,,,,,,,,,,
Corey Kiner SF,,,,,,0.0,0.0,0.0,0.0,0.0,RB,2025-08-14 15:04:27,0.0,0.0,0.0,,,,,,,,,,,,,
Ja'Marr Chase CIN,,,,,,1.6,12.7,0.0,0.6,231.2,WR,2025-08-14 15:04:30,120.7,1577.7,12.2,,,,,,,,,,,,,
Justin Jefferson MIN,,,,,,0.5,2.2,0.0,0.6,205.1,WR,2025-08-14 15:04:30,106.4,1478.9,9.7,,,,,,,,,,,,,
CeeDee Lamb DAL,,,,,,9.2,59.4,0.3,1.0,193.3,WR,2025-08-14 15:04:30,111.7,1394.4,8.0,,,,,,,,,,,,,
Puka Nacua LAR,,,,,,10.7,61.4,0.6,0.6,187.7,WR,2025-08-14 15:04:30,105.7,1374.2,7.0,,,,,,,,,,,,,
Nico Collins HOU,,,,,,0.0,1.6,0.0,0.5,183.5,WR,2025-08-14 15:04:30,92.0,1313.4,8.9,,,,,,,,,,,,,
Malik Nabers NYG,,,,,,2.6,12.2,0.0,0.6,183.3,WR,2025-08-14 15:04:30,106.6,1338.5,8.2,,,,,,,,,,,,,
Brian Thomas Jr. JAC,,,,,,3.8,25.1,0.0,0.6,182.1,WR,2025-08-14 15:04:30,91.8,1292.7,8.6,,,,,,,,,,,,,
Amon-Ra St. Brown DET,,,,,,1.9,12.6,0.1,0.9,180.9,WR,2025-08-14 15:04:30,110.4,1267.7,9.1,,,,,,,,,,,,,
A.J. Brown PHI,,,,,,0.0,0.0,0.0,0.9,172.8,WR,2025-08-14 15:04:30,84.8,1244.7,8.4,,,,,,,,,,,,,
Drake London ATL,,,,,,0.3,2.0,0.0,0.6,169.8,WR,2025-08-14 15:04:30,95.5,1217.7,8.2,,,,,,,,,,,,,
Tyreek Hill MIA,,,,,,7.2,40.3,0.1,0.6,168.4,WR,2025-08-14 15:04:30,94.2,1184.3,7.7,,,,,,,,,,,,,
Mike Evans TB,,,,,,0.0,0.0,0.0,0.5,164.5,WR,2025-08-14 15:04:30,79.2,1063.4,9.9,,,,,,,,,,,,,
Ladd McConkey LAC,,,,,,0.0,1.4,0.0,0.7,164.0,WR,2025-08-14 15:04:30,90.5,1210.9,7.4,,,,,,,,,,,,,
Tee Higgins CIN,,,,,,0.0,0.0,0.0,0.9,161.1,WR,2025-08-14 15:04:30,86.6,1093.9,8.9,,,,,,,,,,,,,
Terry McLaurin WAS,,,,,,1.1,4.8,0.0,0.9,159.7,WR,2025-08-14 15:04:30,83.6,1115.4,8.2,,,,,,,,,,,,,
Davante Adams LAR,,,,,,0.3,0.0,0.0,0.5,159.2,WR,2025-08-14 15:04:30,85.4,1101.6,8.3,,,,,,,,,,,,,
DK Metcalf PIT,,,,,,0.0,1.2,0.0,1.3,154.9,WR,2025-08-14 15:04:30,77.8,1137.9,7.3,,,,,,,,,,,,,
Marvin Harrison Jr. ARI,,,,,,0.0,3.2,0.0,1.0,154.5,WR,2025-08-14 15:04:30,79.6,1098.9,7.7,,,,,,,,,,,,,
Jaxon Smith-Njigba SEA,,,,,,2.6,20.5,0.0,0.6,152.8,WR,2025-08-14 15:04:30,94.7,1121.1,6.6,,,,,,,,,,,,,
Xavier Worthy KC,,,,,,15.7,84.6,1.5,0.5,146.5,WR,2025-08-14 15:04:30,70.6,874.0,7.1,,,,,,,,,,,,,
Zay Flowers BAL,,,,,,8.2,48.4,0.1,0.5,145.2,WR,2025-08-14 15:04:30,74.9,1028.7,6.3,,,,,,,,,,,,,
Garrett Wilson NYJ,,,,,,1.9,13.5,0.0,1.3,144.5,WR,2025-08-14 15:04:30,91.7,1095.7,6.0,,,,,,,,,,,,,
Courtland Sutton DEN,,,,,,0.0,0.2,0.0,0.9,144.3,WR,2025-08-14 15:04:30,76.7,1016.3,7.4,,,,,,,,,,,,,
DJ Moore CHI,,,,,,9.5,54.0,0.1,0.9,142.7,WR,2025-08-14 15:04:30,86.7,1007.7,6.3,,,,,,,,,,,,,
Calvin Ridley TEN,,,,,,5.6,33.4,0.3,0.9,141.9,WR,2025-08-14 15:04:30,70.1,1027.0,6.0,,,,,,,,,,,,,
Jameson Williams DET,,,,,,7.4,63.4,0.8,0.5,141.6,WR,2025-08-14 15:04:30,60.4,958.3,6.0,,,,,,,,,,,,,
DeVonta Smith PHI,,,,,,0.3,1.2,0.0,0.5,137.7,WR,2025-08-14 15:04:30,81.2,977.7,6.8,,,,,,,,,,,,,
George Pickens DAL,,,,,,1.0,6.2,0.0,0.9,137.3,WR,2025-08-14 15:04:30,68.4,1001.7,6.4,,,,,,,,,,,,,
Deebo Samuel Sr. WAS,,,,,,30.1,127.9,1.2,1.0,132.2,WR,2025-08-14 15:04:30,65.1,834.5,5.1,,,,,,,,,,,,,
Jerry Jeudy CLE,,,,,,0.3,4.8,0.0,0.6,131.8,WR,2025-08-14 15:04:30,80.8,1081.7,4.1,,,,,,,,,,,,,
Jakobi Meyers LV,,,,,,1.2,8.9,0.0,0.5,128.5,WR,2025-08-14 15:04:30,82.4,966.4,5.3,,,,,,,,,,,,,
Jaylen Waddle MIA,,,,,,2.5,15.9,0.1,0.5,126.6,WR,2025-08-14 15:04:30,75.5,965.0,4.9,,,,,,,,,,,,,
Jauan Jennings SF,,,,,,3.6,15.7,0.1,0.6,125.8,WR,2025-08-14 15:04:30,69.7,919.4,5.5,,,,,,,,,,,,,
Jayden Reed GB,,,,,,11.8,93.7,0.7,0.9,124.7,WR,2025-08-14 15:04:30,58.6,783.9,5.7,,,,,,,,,,,,,
Matthew Golden GB,,,,,,0.7,11.8,0.0,0.8,122.2,WR,2025-08-14 15:04:30,61.4,867.6,6.0,,,,,,,,,,,,,
Tetairoa McMillan CAR,,,,,,0.5,7.4,0.0,1.2,121.9,WR,2025-08-14 15:04:30,70.5,907.2,5.5,,,,,,,,,,,,,
Travis Hunter JAC,,,,,,3.8,21.8,0.1,0.8,121.2,WR,2025-08-14 15:04:30,68.4,887.4,5.2,,,,,,,,,,,,,
Chris Godwin TB,,,,,,1.2,6.9,0.0,0.6,119.6,WR,2025-08-14 15:04:30,75.0,862.3,5.6,,,,,,,,,,,,,
Rome Odunze CHI,,,,,,1.3,8.0,0.0,0.9,119.2,WR,2025-08-14 15:04:30,65.6,880.4,5.4,,,,,,,,,,,,,
Ricky Pearsall SF,,,,,,7.0,50.0,0.3,0.6,118.3,WR,2025-08-14 15:04:30,60.0,815.3,5.2,,,,,,,,,,,,,
Keon Coleman BUF,,,,,,0.3,3.8,0.0,0.5,118.3,WR,2025-08-14 15:04:30,52.4,822.6,6.1,,,,,,,,,,,,,
Rashee Rice KC,,,,,,1.1,4.3,0.0,0.6,117.7,WR,2025-08-14 15:04:30,70.5,829.6,5.9,,,,,,,,,,,,,
Chris Olave NO,,,,,,0.3,2.8,0.0,1.3,117.6,WR,2025-08-14 15:04:30,75.6,935.9,4.4,,,,,,,,,,,,,
Stefon Diggs NE,,,,,,1.3,6.9,0.2,0.5,116.8,WR,2025-08-14 15:04:30,77.4,850.5,5.1,,,,,,,,,,,,,
Cooper Kupp SEA,,,,,,1.3,8.9,0.0,0.6,113.9,WR,2025-08-14 15:04:30,73.3,818.5,5.4,,,,,,,,,,,,,
Rashid Shaheed NO,,,,,,7.3,44.5,0.1,1.3,113.8,WR,2025-08-14 15:04:30,56.4,846.0,4.4,,,,,,,,,,,,,
Jordan Addison MIN,,,,,,0.9,8.9,0.2,0.4,112.4,WR,2025-08-14 15:04:30,58.7,762.3,5.8,,,,,,,,,,,,,
Darnell Mooney ATL,,,,,,0.0,1.2,0.0,0.5,110.8,WR,2025-08-14 15:04:30,59.9,837.9,4.6,,,,,,,,,,,,,
Khalil Shakir BUF,,,,,,0.3,3.0,0.0,0.6,109.9,WR,2025-08-14 15:04:30,71.7,812.6,4.9,,,,,,,,,,,,,
Michael Pittman Jr. IND,,,,,,0.0,1.8,0.0,0.9,107.3,WR,2025-08-14 15:04:30,71.9,852.5,4.0,,,,,,,,,,,,,
Marvin Mims Jr. DEN,,,,,,11.9,49.4,0.1,0.6,106.5,WR,2025-08-14 15:04:30,51.2,696.6,5.4,,,,,,,,,,,,,
Rashod Bateman BAL,,,,,,0.0,0.6,0.0,0.1,102.3,WR,2025-08-14 15:04:30,45.5,691.6,5.5,,,,,,,,,,,,,
Josh Downs IND,,,,,,0.3,5.6,0.0,0.5,98.9,WR,2025-08-14 15:04:30,63.3,737.3,4.3,,,,,,,,,,,,,
Marquise Brown KC,,,,,,0.3,2.0,0.0,0.2,94.1,WR,2025-08-14 15:04:30,55.1,676.0,4.4,,,,,,,,,,,,,
Keenan Allen LAC,,,,,,0.3,2.0,0.0,0.6,91.9,WR,2025-08-14 15:04:30,55.6,641.3,4.8,,,,,,,,,,,,,
Adam Thielen CAR,,,,,,0.0,1.8,0.0,0.5,91.7,WR,2025-08-14 15:04:30,61.8,657.7,4.5,,,,,,,,,,,,,
Cedric Tillman CLE,,,,,,0.7,0.8,0.0,0.9,90.5,WR,2025-08-14 15:04:30,55.6,691.3,3.9,,,,,,,,,,,,,
Emeka Egbuka TB,,,,,,2.2,11.1,0.0,1.1,89.3,WR,2025-08-14 15:04:30,49.1,635.2,4.4,,,,,,,,,,,,,
Xavier Legette CAR,,,,,,6.2,29.0,0.1,0.5,87.0,WR,2025-08-14 15:04:30,54.4,613.2,3.9,,,,,,,,,,,,,
Jayden Higgins HOU,,,,,,0.7,4.0,0.0,0.5,85.1,WR,2025-08-14 15:04:30,47.2,632.0,3.7,,,,,,,,,,,,,
Christian Kirk HOU,,,,,,0.7,4.0,0.0,0.8,84.7,WR,2025-08-14 15:04:30,50.6,649.4,3.5,,,,,,,,,,,,,
Romeo Doubs GB,,,,,,0.0,0.5,0.0,0.5,82.3,WR,2025-08-14 15:04:30,45.2,575.2,4.3,,,,,,,,,,,,,
Brandon Aiyuk SF,,,,,,0.0,1.0,0.0,0.4,82.1,WR,2025-08-14 15:04:30,41.9,633.8,3.3,,,,,,,,,,,,,
Wan'Dale Robinson NYG,,,,,,2.0,15.6,0.0,0.5,81.6,WR,2025-08-14 15:04:30,69.1,622.1,3.1,,,,,,,,,,,,,
Luther Burden III CHI,,,,,,3.7,27.4,0.4,1.1,79.9,WR,2025-08-14 15:04:30,47.0,570.1,3.4,,,,,,,,,,,,,
Joshua Palmer BUF,,,,,,0.0,0.5,0.0,0.1,79.8,WR,2025-08-14 15:04:30,42.0,587.8,3.5,,,,,,,,,,,,,
Tyler Lockett TEN,,,,,,0.0,0.0,0.0,0.1,78.5,WR,2025-08-14 15:04:30,49.6,578.8,3.5,,,,,,,,,,,,,
Michael Wilson ARI,,,,,,1.9,8.9,0.1,0.5,76.4,WR,2025-08-14 15:04:30,43.8,525.0,3.9,,,,,,,,,,,,,
DeMario Douglas NE,,,,,,2.1,15.7,0.0,0.2,75.7,WR,2025-08-14 15:04:30,54.6,575.3,2.8,,,,,,,,,,,,,
Jack Bech LV,,,,,,1.0,4.7,0.0,0.8,74.1,WR,2025-08-14 15:04:30,45.9,574.4,2.9,,,,,,,,,,,,,
Tre' Harris LAC,,,,,,0.7,3.8,0.0,0.7,74.0,WR,2025-08-14 15:04:30,40.8,544.9,3.4,,,,,,,,,,,,,
Calvin Austin III PIT,,,,,,2.3,11.8,0.1,0.5,73.7,WR,2025-08-14 15:04:30,39.6,529.0,3.4,,,,,,,,,,,,,
Alec Pierce IND,,,,,,0.0,0.0,0.0,0.1,72.6,WR,2025-08-14 15:04:30,29.3,529.2,3.3,,,,,,,,,,,,,
Jalen McMillan TB,,,,,,2.3,18.7,0.0,0.5,71.4,WR,2025-08-14 15:04:30,35.5,445.9,4.3,,,,,,,,,,,,,
Quentin Johnston LAC,,,,,,1.7,7.2,0.0,0.4,70.8,WR,2025-08-14 15:04:30,34.9,458.8,4.1,,,,,,,,,,,,,
Diontae Johnson CLE,,,,,,0.0,2.3,0.0,0.7,68.0,WR,2025-08-14 15:04:30,43.0,527.2,2.7,,,,,,,,,,,,,
Kyle Williams NE,,,,,,2.1,13.3,0.0,0.4,67.3,WR,2025-08-14 15:04:30,38.8,492.5,2.9,,,,,,,,,,,,,
Dyami Brown JAC,,,,,,0.7,6.8,0.0,0.5,66.8,WR,2025-08-14 15:04:30,39.4,502.3,2.8,,,,,,,,,,,,,
Darius Slayton NYG,,,,,,1.4,6.1,0.0,0.2,66.1,WR,2025-08-14 15:04:30,34.1,510.8,2.4,,,,,,,,,,,,,
Tutu Atwell LAR,,,,,,4.3,20.2,0.1,0.1,65.3,WR,2025-08-14 15:04:30,39.1,498.0,2.2,,,,,,,,,,,,,
DeAndre Hopkins BAL,,,,,,0.0,0.5,0.0,0.1,64.9,WR,2025-08-14 15:04:30,32.0,416.5,3.9,,,,,,,,,,,,,
Nick Westbrook-Ikhine MIA,,,,,,0.0,1.3,0.0,0.1,64.7,WR,2025-08-14 15:04:30,31.4,427.3,3.7,,,,,,,,,,,,,
Josh Reynolds NYJ,,,,,,0.0,0.0,0.0,0.1,62.2,WR,2025-08-14 15:04:30,34.6,455.1,2.8,,,,,,,,,,,,,
Jalen Tolbert DAL,,,,,,0.0,0.0,0.0,0.1,60.9,WR,2025-08-14 15:04:30,34.3,400.7,3.5,,,,,,,,,,,,,
Brandin Cooks NO,,,,,,1.7,3.8,0.0,0.1,60.7,WR,2025-08-14 15:04:30,37.4,431.6,2.9,,,,,,,,,,,,,
Ray-Ray McCloud III ATL,,,,,,7.8,53.1,0.2,1.2,60.5,WR,2025-08-14 15:04:30,40.0,431.0,2.3,,,,,,,,,,,,,
Tre Tucker LV,,,,,,5.6,31.5,0.3,0.1,57.6,WR,2025-08-14 15:04:30,30.3,388.5,2.3,,,,,,,,,,,,,
Jalen Nailor MIN,,,,,,1.8,4.1,0.0,0.4,56.9,WR,2025-08-14 15:04:30,27.9,367.8,3.4,,,,,,,,,,,,,
Andrei Iosivas CIN,,,,,,0.0,0.0,0.0,0.1,56.6,WR,2025-08-14 15:04:30,30.4,363.5,3.4,,,,,,,,,,,,,
Marquez Valdes-Scantling SEA,,,,,,2.6,10.0,0.1,0.0,55.7,WR,2025-08-14 15:04:30,24.3,402.9,2.4,,,,,,,,,,,,,
Jordan Whittington LAR,,,,,,1.1,13.9,0.0,0.1,55.6,WR,2025-08-14 15:04:30,34.1,397.8,2.4,,,,,,,,,,,,,
Jalen Coker CAR,,,,,,0.0,2.3,0.0,0.1,55.5,WR,2025-08-14 15:04:30,32.9,428.7,2.1,,,,,,,,,,,,,
Tory Horton SEA,,,,,,1.0,8.7,0.0,0.7,54.4,WR,2025-08-14 15:04:30,33.5,426.7,2.1,,,,,,,,,,,,,
Dont'e Thornton Jr. LV,,,,,,0.0,3.0,0.0,0.1,53.0,WR,2025-08-14 15:04:30,29.1,393.3,2.3,,,,,,,,,,,,,
Dontayvion Wicks GB,,,,,,0.0,1.3,0.0,0.0,52.8,WR,2025-08-14 15:04:30,27.5,346.4,3.0,,,,,,,,,,,,,
Pat Bryant DEN,,,,,,0.0,0.0,0.0,0.1,52.7,WR,2025-08-14 15:04:30,30.7,375.6,2.6,,,,,,,,,,,,,
Allen Lazard NYJ,,,,,,0.0,0.0,0.0,0.1,52.2,WR,2025-08-14 15:04:30,28.7,368.4,2.6,,,,,,,,,,,,,
Adonai Mitchell IND,,,,,,2.5,11.5,0.1,0.2,51.9,WR,2025-08-14 15:04:30,26.6,368.6,2.3,,,,,,,,,,,,,
Noah Brown WAS,,,,,,0.0,0.0,0.0,0.1,51.8,WR,2025-08-14 15:04:30,31.8,406.4,1.9,,,,,,,,,,,,,
Christian Watson GB,,,,,,4.3,17.0,0.0,0.4,51.6,WR,2025-08-14 15:04:30,19.9,366.6,2.3,,,,,,,,,,,,,
Russell Gage Jr. SF,,,,,,0.0,0.0,0.0,0.0,51.0,WR,2025-08-14 15:04:30,31.4,360.9,2.5,,,,,,,,,,,,,
Troy Franklin DEN,,,,,,1.1,5.8,0.0,0.1,50.9,WR,2025-08-14 15:04:30,27.2,342.5,2.7,,,,,,,,,,,,,
Jaylin Noel HOU,,,,,,0.0,13.0,0.0,0.1,47.6,WR,2025-08-14 15:04:30,27.2,326.9,2.3,,,,,,,,,,,,,
Elic Ayomanor TEN,,,,,,0.0,7.5,0.0,0.1,47.4,WR,2025-08-14 15:04:30,28.6,336.3,2.2,,,,,,,,,,,,,
K.J. Osborn WAS,,,,,,0.0,0.0,0.0,0.0,46.9,WR,2025-08-14 15:04:30,28.7,318.8,2.5,,,,,,,,,,,,,
Curtis Samuel BUF,,,,,,6.6,29.3,0.1,0.1,45.4,WR,2025-08-14 15:04:30,27.0,271.6,2.5,,,,,,,,,,,,,
Anthony Miller BAL,,,,,,0.0,0.0,0.0,0.0,44.1,WR,2025-08-14 15:04:30,25.3,289.5,2.5,,,,,,,,,,,,,
Kayshon Boutte NE,,,,,,0.0,0.0,0.0,0.0,41.9,WR,2025-08-14 15:04:30,22.5,301.5,2.0,,,,,,,,,,,,,
Greg Dortch ARI,,,,,,4.8,30.6,0.1,0.4,41.8,WR,2025-08-14 15:04:30,27.1,269.3,2.0,,,,,,,,,,,,,
Van Jefferson TEN,,,,,,0.0,0.0,0.0,0.1,41.0,WR,2025-08-14 15:04:30,23.5,300.5,1.9,,,,,,,,,,,,,
Ja'Lynn Polk NE,,,,,,0.0,0.0,0.0,0.0,40.8,WR,2025-08-14 15:04:30,24.7,299.1,1.8,,,,,,,,,,,,,
Malik Washington MIA,,,,,,2.0,13.8,0.1,0.6,40.4,WR,2025-08-14 15:04:30,27.5,289.0,1.8,,,,,,,,,,,,,
Devaughn Vele DEN,,,,,,0.0,1.7,0.0,0.1,40.1,WR,2025-08-14 15:04:30,24.9,275.3,2.1,,,,,,,,,,,,,
Roman Wilson PIT,,,,,,0.0,0.0,0.0,0.1,39.0,WR,2025-08-14 15:04:30,21.8,276.7,1.9,,,,,,,,,,,,,
Tim Patrick DET,,,,,,0.0,0.0,0.0,0.1,37.6,WR,2025-08-14 15:04:30,20.5,258.2,2.0,,,,,,,,,,,,,
Demarcus Robinson SF,,,,,,0.0,1.0,0.0,0.1,37.1,WR,2025-08-14 15:04:30,15.8,251.1,2.0,,,,,,,,,,,,,
Skyy Moore KC,,,,,,0.0,0.0,0.0,0.0,36.6,WR,2025-08-14 15:04:30,22.3,267.4,1.7,,,,,,,,,,,,,
KaVontae Turpin DAL,,,,,,8.5,58.6,0.5,0.7,36.3,WR,2025-08-14 15:04:30,16.8,204.0,1.4,,,,,,,,,,,,,
Parker Washington JAC,,,,,,0.0,8.5,0.0,0.1,36.3,WR,2025-08-14 15:04:30,24.7,261.7,1.6,,,,,,,,,,,,,
Jermaine Burton CIN,,,,,,0.0,2.0,0.0,0.1,35.7,WR,2025-08-14 15:04:30,18.1,239.8,2.0,,,,,,,,,,,,,
Chimere Dike TEN,,,,,,2.1,8.9,0.0,0.1,35.1,WR,2025-08-14 15:04:30,18.9,246.0,1.6,,,,,,,,,,,,,
Tai Felton MIN,,,,,,0.0,3.7,0.0,0.0,32.6,WR,2025-08-14 15:04:30,18.3,221.1,1.7,,,,,,,,,,,,,
Tyler Johnson NYJ,,,,,,0.0,0.0,0.0,0.0,29.9,WR,2025-08-14 15:04:30,19.7,207.2,1.5,,,,,,,,,,,,,
JuJu Smith-Schuster KC,,,,,,0.0,0.0,0.0,0.1,29.8,WR,2025-08-14 15:04:30,19.4,211.1,1.5,,,,,,,,,,,,,
Luke McCaffrey WAS,,,,,,0.0,1.0,0.0,0.1,29.0,WR,2025-08-14 15:04:30,19.4,203.2,1.5,,,,,,,,,,,,,
Jalen Royals KC,,,,,,0.0,2.5,0.0,0.0,27.4,WR,2025-08-14 15:04:30,15.7,188.1,1.4,,,,,,,,,,,,,
Kendrick Bourne NE,,,,,,1.1,6.8,0.0,0.1,27.0,WR,2025-08-14 15:04:30,17.7,199.8,1.1,,,,,,,,,,,,,
A.T. Perry DEN,,,,,,0.0,0.0,0.0,0.0,26.9,WR,2025-08-14 15:04:30,13.7,180.5,1.5,,,,,,,,,,,,,
Robert Woods PIT,,,,,,0.0,0.0,0.0,0.1,26.5,WR,2025-08-14 15:04:30,18.5,193.0,1.2,,,,,,,,,,,,,
Zay Jones ARI,,,,,,0.0,2.0,0.0,0.1,25.6,WR,2025-08-14 15:04:30,16.8,179.7,1.3,,,,,,,,,,,,,
Kalif Raymond DET,,,,,,0.0,4.0,0.0,0.6,24.9,WR,2025-08-14 15:04:30,14.7,185.8,1.2,,,,,,,,,,,,,
Jahan Dotson PHI,,,,,,0.0,1.7,0.0,0.0,24.8,WR,2025-08-14 15:04:30,15.4,178.5,1.1,,,,,,,,,,,,,
Elijah Moore BUF,,,,,,0.0,1.3,0.0,0.0,23.4,WR,2025-08-14 15:04:30,14.5,159.6,1.2,,,,,,,,,,,,,
Jalin Hyatt NYG,,,,,,0.0,0.0,0.0,0.0,22.8,WR,2025-08-14 15:04:30,13.1,174.0,0.9,,,,,,,,,,,,,
Isaac TeSlaa DET,,,,,,0.0,0.0,0.0,0.0,22.3,WR,2025-08-14 15:04:30,10.7,155.2,1.1,,,,,,,,,,,,,
Malachi Corley NYJ,,,,,,2.3,13.5,0.1,0.1,21.9,WR,2025-08-14 15:04:30,13.8,147.0,0.9,,,,,,,,,,,,,
Xavier Hutchinson HOU,,,,,,0.0,0.0,0.0,0.0,21.0,WR,2025-08-14 15:04:30,14.0,152.1,1.0,,,,,,,,,,,,,
Michael Gallup WAS,,,,,,0.0,0.0,0.0,0.0,19.2,WR,2025-08-14 15:04:30,11.6,130.9,1.0,,,,,,,,,,,,,
Jake Bobo SEA,,,,,,0.0,0.0,0.0,0.0,19.0,WR,2025-08-14 15:04:30,11.8,138.3,0.9,,,,,,,,,,,,,
Jaylin Lane WAS,,,,,,2.2,13.5,0.1,0.1,18.7,WR,2025-08-14 15:04:30,10.4,120.0,0.8,,,,,,,,,,,,,
Irvin Charles NYJ,,,,,,0.0,0.0,0.0,0.0,18.6,WR,2025-08-14 15:04:30,12.4,132.5,0.9,,,,,,,,,,,,,
DJ Chark Jr. ATL,,,,,,0.0,0.0,0.0,0.0,18.4,WR,2025-08-14 15:04:30,9.4,128.2,0.9,,,,,,,,,,,,,
Arian Smith NYJ,,,,,,0.0,3.5,0.0,0.0,17.8,WR,2025-08-14 15:04:30,11.2,134.3,0.7,,,,,,,,,,,,,
Jha'Quan Jackson TEN,,,,,,0.0,1.7,0.0,0.5,17.7,WR,2025-08-14 15:04:30,11.4,138.3,0.8,,,,,,,,,,,,,
Savion Williams GB,,,,,,4.4,16.4,0.1,0.0,17.5,WR,2025-08-14 15:04:30,9.1,104.8,0.8,,,,,,,,,,,,,
Quez Watkins ARI,,,,,,0.0,0.0,0.0,0.0,17.4,WR,2025-08-14 15:04:30,10.6,127.3,0.8,,,,,,,,,,,,,
Mack Hollins NE,,,,,,0.0,1.7,0.0,0.1,17.1,WR,2025-08-14 15:04:30,9.2,115.5,0.9,,,,,,,,,,,,,
Erik Ezukanma MIA,,,,,,0.0,0.0,0.0,0.0,16.8,WR,2025-08-14 15:04:30,10.8,120.9,0.8,,,,,,,,,,,,,
Xavier Restrepo TEN,,,,,,0.0,2.0,0.0,0.0,16.7,WR,2025-08-14 15:04:30,10.0,105.0,1.0,,,,,,,,,,,,,
KhaDarel Hodge ATL,,,,,,0.0,0.0,0.0,0.1,15.1,WR,2025-08-14 15:04:30,8.8,113.7,0.6,,,,,,,,,,,,,
Bub Means NO,,,,,,0.0,2.3,0.0,0.0,14.6,WR,2025-08-14 15:04:30,9.5,106.8,0.6,,,,,,,,,,,,,
DeAndre Carter CLE,,,,,,0.0,2.0,0.0,0.5,14.6,WR,2025-08-14 15:04:30,10.8,125.4,0.5,,,,,,,,,,,,,
Tylan Wallace BAL,,,,,,0.0,1.7,0.0,0.0,14.3,WR,2025-08-14 15:04:30,6.7,90.0,0.9,,,,,,,,,,,,,
Simi Fehoko ARI,,,,,,0.0,0.0,0.0,0.0,13.1,WR,2025-08-14 15:04:30,7.6,91.5,0.7,,,,,,,,,,,,,
Jamal Agnew ATL,,,,,,0.0,0.0,0.0,0.0,12.8,WR,2025-08-14 15:04:30,8.6,85.8,0.7,,,,,,,,,,,,,
Olamide Zaccheaus CHI,,,,,,1.1,6.0,0.0,0.0,12.4,WR,2025-08-14 15:04:30,7.6,81.8,0.6,,,,,,,,,,,,,
Cedrick Wilson Jr. NO,,,,,,0.0,2.0,0.0,0.0,12.1,WR,2025-08-14 15:04:30,7.9,88.4,0.5,,,,,,,,,,,,,
Hunter Renfrow CAR,,,,,,0.0,0.0,0.0,0.0,11.5,WR,2025-08-14 15:04:30,9.3,90.1,0.4,,,,,,,,,,,,,
KeAndre Lambert-Smith LAC,,,,,,0.0,3.0,0.0,0.0,11.4,WR,2025-08-14 15:04:30,5.9,77.7,0.6,,,,,,,,,,,,,
Tim Jones MIN,,,,,,0.0,0.0,0.0,0.1,11.4,WR,2025-08-14 15:04:30,7.1,77.1,0.6,,,,,,,,,,,,,
Devontez Walker BAL,,,,,,0.0,1.7,0.0,0.0,10.8,WR,2025-08-14 15:04:30,4.9,68.5,0.6,,,,,,,,,,,,,
Bo Melton GB,,,,,,0.0,0.0,0.0,0.0,10.8,WR,2025-08-14 15:04:30,6.2,74.0,0.6,,,,,,,,,,,,,
Ben Skowronek PIT,,,,,,0.0,0.0,0.0,0.0,10.3,WR,2025-08-14 15:04:30,6.5,72.3,0.5,,,,,,,,,,,,,
Maurice Alexander CHI,,,,,,0.0,0.0,0.0,0.0,9.3,WR,2025-08-14 15:04:30,6.3,68.2,0.4,,,,,,,,,,,,,
Samori Toure CHI,,,,,,0.0,0.0,0.0,0.0,9.2,WR,2025-08-14 15:04:30,6.1,67.7,0.4,,,,,,,,,,,,,
David Moore CAR,,,,,,0.0,0.0,0.0,0.0,9.0,WR,2025-08-14 15:04:30,5.8,72.3,0.3,,,,,,,,,,,,,
Xavier Weaver ARI,,,,,,0.0,0.0,0.0,0.0,9.0,WR,2025-08-14 15:04:30,5.2,61.3,0.5,,,,,,,,,,,,,
Malik Heath GB,,,,,,0.0,0.0,0.0,0.0,8.9,WR,2025-08-14 15:04:30,5.5,62.2,0.5,,,,,,,,,,,,,
Tommy Mellott LV,,,,,,4.0,24.1,0.2,0.0,8.8,WR,2025-08-14 15:04:30,3.7,43.6,0.2,,,,,,,,,,,,,
Dante Pettis NO,,,,,,2.1,9.7,0.0,0.0,8.5,WR,2025-08-14 15:04:30,5.5,62.9,0.2,,,,,,,,,,,,,
Johnny Wilson PHI,,,,,,0.0,0.0,0.0,0.0,8.1,WR,2025-08-14 15:04:30,4.4,55.4,0.4,,,,,,,,,,,,,
Justin Watson HOU,,,,,,0.0,0.0,0.0,0.0,7.7,WR,2025-08-14 15:04:30,4.4,60.1,0.3,,,,,,,,,,,,,
Derius Davis LAC,,,,,,10.5,35.4,0.2,0.6,7.5,WR,2025-08-14 15:04:30,2.8,31.2,0.1,,,,,,,,,,,,,
Rondale Moore MIN,,,,,,0.0,5.5,0.0,0.0,7.3,WR,2025-08-14 15:04:30,5.1,46.9,0.4,,,,,,,,,,,,,
Charlie Jones CIN,,,,,,0.0,1.7,0.0,0.0,6.4,WR,2025-08-14 15:04:30,4.0,46.4,0.3,,,,,,,,,,,,,
Kendric Pryor CIN,,,,,,0.0,0.0,0.0,0.0,6.2,WR,2025-08-14 15:04:30,3.9,41.8,0.3,,,,,,,,,,,,,
Jonathan Mingo DAL,,,,,,0.0,0.0,0.0,0.0,6.2,WR,2025-08-14 15:04:30,4.2,49.8,0.2,,,,,,,,,,,,,
Trishton Jackson ARI,,,,,,0.0,0.0,0.0,0.0,6.1,WR,2025-08-14 15:04:30,3.4,40.6,0.3,,,,,,,,,,,,,
Jordan Watkins SF,,,,,,4.4,15.8,0.1,0.0,6.1,WR,2025-08-14 15:04:30,2.6,33.4,0.1,,,,,,,,,,,,,
Dareke Young SEA,,,,,,0.0,0.0,0.0,0.0,5.4,WR,2025-08-14 15:04:30,3.4,39.8,0.2,,,,,,,,,,,,,
Cody White SEA,,,,,,0.0,0.0,0.0,0.0,5.4,WR,2025-08-14 15:04:30,3.4,39.8,0.2,,,,,,,,,,,,,
Jalen Brooks DAL,,,,,,0.0,0.0,0.0,0.0,5.4,WR,2025-08-14 15:04:30,3.4,39.1,0.2,,,,,,,,,,,,,
John Metchie III HOU,,,,,,0.0,0.0,0.0,0.0,5.2,WR,2025-08-14 15:04:30,3.5,39.4,0.2,,,,,,,,,,,,,
Bryce Oliver TEN,,,,,,0.0,0.0,0.0,0.0,5.1,WR,2025-08-14 15:04:30,3.4,38.2,0.2,,,,,,,,,,,,,
Sterling Shepard TB,,,,,,0.0,3.7,0.0,0.0,5.0,WR,2025-08-14 15:04:30,3.4,33.5,0.2,,,,,,,,,,,,,
Austin Trammell JAC,,,,,,0.0,0.0,0.0,0.0,5.0,WR,2025-08-14 15:04:30,3.4,40.1,0.2,,,,,,,,,,,,,
Xavier Gipson NYJ,,,,,,0.0,2.5,0.0,0.5,4.9,WR,2025-08-14 15:04:30,4.2,54.3,0.0,,,,,,,,,,,,,
Britain Covey LAR,,,,,,2.2,13.7,0.1,0.0,4.8,WR,2025-08-14 15:04:30,1.8,21.0,0.1,,,,,,,,,,,,,
Chris Blair ATL,,,,,,0.0,0.0,0.0,0.0,4.8,WR,2025-08-14 15:04:30,3.2,34.6,0.2,,,,,,,,,,,,,
Dee Eskridge MIA,,,,,,0.0,1.7,0.0,0.0,4.7,WR,2025-08-14 15:04:30,3.0,32.8,0.2,,,,,,,,,,,,,
Jamari Thrash CLE,,,,,,0.0,0.0,0.0,0.0,4.5,WR,2025-08-14 15:04:30,3.4,40.0,0.1,,,,,,,,,,,,,
Lil'Jordan Humphrey NYG,,,,,,0.0,0.0,0.0,0.0,4.4,WR,2025-08-14 15:04:30,4.0,44.0,0.0,,,,,,,,,,,,,
Brycen Tremayne CAR,,,,,,0.0,0.0,0.0,0.0,4.3,WR,2025-08-14 15:04:30,3.0,33.0,0.2,,,,,,,,,,,,,
Scotty Miller PIT,,,,,,0.0,0.0,0.0,0.0,4.2,WR,2025-08-14 15:04:30,3.1,37.4,0.1,,,,,,,,,,,,,
David Bell CLE,,,,,,0.0,0.0,0.0,0.0,4.0,WR,2025-08-14 15:04:30,3.9,38.8,0.0,,,,,,,,,,,,,
Tyler Scott CHI,,,,,,0.0,1.7,0.0,0.0,3.9,WR,2025-08-14 15:04:30,2.7,29.4,0.1,,,,,,,,,,,,,
Devin Duvernay CHI,,,,,,0.0,2.0,0.0,0.5,3.8,WR,2025-08-14 15:04:30,3.5,34.5,0.2,,,,,,,,,,,,,
Mecole Hardman Jr. GB,,,,,,0.0,2.0,0.0,0.5,3.8,WR,2025-08-14 15:04:30,3.0,33.6,0.2,,,,,,,,,,,,,
Nick Nash ATL,,,,,,0.0,0.0,0.0,0.0,3.5,WR,2025-08-14 15:04:30,3.0,35.0,0.0,,,,,,,,,,,,,
Ainias Smith PHI,,,,,,0.0,0.0,0.0,0.0,3.3,WR,2025-08-14 15:04:30,2.2,24.7,0.1,,,,,,,,,,,,,
Jacob Cowing SF,,,,,,0.0,8.5,0.0,0.0,2.9,WR,2025-08-14 15:04:30,1.1,15.6,0.1,,,,,,,,,,,,,
Ryan Flournoy DAL,,,,,,0.0,0.0,0.0,0.0,2.9,WR,2025-08-14 15:04:30,1.9,20.7,0.1,,,,,,,,,,,,,
Anthony Gould IND,,,,,,0.0,2.5,0.0,0.0,2.7,WR,2025-08-14 15:04:30,1.7,22.4,0.0,,,,,,,,,,,,,
Laviska Shenault Jr. BUF,,,,,,0.0,0.0,0.0,0.0,2.7,WR,2025-08-14 15:04:30,1.8,19.5,0.1,,,,,,,,,,,,,
Ashton Dulin IND,,,,,,0.0,1.7,0.0,0.0,2.6,WR,2025-08-14 15:04:30,1.6,19.6,0.1,,,,,,,,,,,,,
Trent Sherfield Sr. DEN,,,,,,0.0,0.0,0.0,0.0,2.6,WR,2025-08-14 15:04:30,1.8,20.9,0.1,,,,,,,,,,,,,
Isaiah Williams CIN,,,,,,0.0,0.0,0.0,0.0,2.5,WR,2025-08-14 15:04:30,1.6,18.5,0.1,,,,,,,,,,,,,
Steven Sims Jr. SEA,,,,,,0.0,0.0,0.0,0.0,2.5,WR,2025-08-14 15:04:30,1.7,17.9,0.1,,,,,,,,,,,,,
Tank Dell HOU,,,,,,0.0,0.0,0.0,0.0,2.4,WR,2025-08-14 15:04:30,2.0,24.0,0.0,,,,,,,,,,,,,
Isaiah Neyor GB,,,,,,0.0,0.0,0.0,0.0,2.4,WR,2025-08-14 15:04:30,2.0,24.0,0.0,,,,,,,,,,,,,
Miles Boykin CHI,,,,,,0.0,0.0,0.0,0.0,2.3,WR,2025-08-14 15:04:30,1.6,17.9,0.1,,,,,,,,,,,,,
Zach Pascal NYG,,,,,,0.0,0.0,0.0,0.0,2.3,WR,2025-08-14 15:04:30,1.5,17.8,0.1,,,,,,,,,,,,,
Tez Johnson TB,,,,,,0.0,0.0,0.0,0.0,2.3,WR,2025-08-14 15:04:30,1.6,19.7,0.1,,,,,,,,,,,,,
Jimmy Horn Jr. CAR,,,,,,0.0,0.0,0.0,0.0,1.8,WR,2025-08-14 15:04:30,1.5,18.0,0.0,,,,,,,,,,,,,
Tyquan Thornton KC,,,,,,0.0,0.0,0.0,0.0,1.6,WR,2025-08-14 15:04:30,1.0,16.0,0.0,,,,,,,,,,,,,
Trey Palmer TB,,,,,,0.0,0.0,0.0,0.0,1.5,WR,2025-08-14 15:04:30,0.9,9.8,0.1,,,,,,,,,,,,,
Jason Brownlee KC,,,,,,0.0,0.0,0.0,0.0,1.4,WR,2025-08-14 15:04:30,1.0,14.0,0.0,,,,,,,,,,,,,
Nikko Remigio KC,,,,,,0.0,0.0,0.0,0.0,1.4,WR,2025-08-14 15:04:30,0.9,11.6,0.0,,,,,,,,,,,,,
Braxton Berrios HOU,,,,,,0.0,2.5,0.0,0.0,1.3,WR,2025-08-14 15:04:30,1.0,10.5,0.0,,,,,,,,,,,,,
Chris Moore WAS,,,,,,0.0,0.0,0.0,0.0,1.3,WR,2025-08-14 15:04:30,1.0,13.0,0.0,,,,,,,,,,,,,
LaJohntay Wester BAL,,,,,,0.0,0.0,0.0,0.0,1.2,WR,2025-08-14 15:04:30,1.0,12.0,0.0,,,,,,,,,,,,,
Ihmir Smith-Marsette NYG,,,,,,0.0,2.5,0.0,0.5,0.5,WR,2025-08-14 15:04:30,0.8,9.5,0.1,,,,,,,,,,,,,
Trenton Irwin JAC,,,,,,0.0,5.0,0.0,0.0,0.5,WR,2025-08-14 15:04:30,0.0,0.0,0.0,,,,,,,,,,,,,
Xavier Smith LAR,,,,,,0.0,2.5,0.0,0.5,0.4,WR,2025-08-14 15:04:30,1.0,11.0,0.0,,,,,,,,,,,,,
Tom Kennedy DET,,,,,,0.0,0.0,0.0,0.0,0.0,WR,2025-08-14 15:04:30,0.0,0.0,0.0,,,,,,,,,,,,,
Mason Kinsey TEN,,,,,,0.0,0.0,0.0,0.0,0.0,WR,2025-08-14 15:04:30,0.0,0.0,0.0,,,,,,,,,,,,,
Laquon Treadwell IND,,,,,,0.0,0.0,0.0,0.0,0.0,WR,2025-08-14 15:04:30,0.0,0.0,0.0,,,,,,,,,,,,,
Trent Taylor SF,,,,,,0.0,0.0,0.0,0.0,0.0,WR,2025-08-14 15:04:30,0.0,0.0,0.0,,,,,,,,,,,,,
Keith Kirkwood BAL,,,,,,0.0,0.0,0.0,0.0,0.0,WR,2025-08-14 15:04:30,0.0,0.0,0.0,,,,,,,,,,,,,
Phillip Dorsett II LV,,,,,,0.0,0.0,0.0,0.0,0.0,WR,2025-08-14 15:04:30,0.0,0.0,0.0,,,,,,,,,,,,,
Equanimeous St. Brown SF,,,,,,0.0,0.0,0.0,0.0,0.0,WR,2025-08-14 15:04:30,0.0,0.0,0.0,,,,,,,,,,,,,
Brock Bowers LV,,,,,,,,,0.5,149.7,TE,2025-08-14 15:04:33,106.0,1131.5,6.1,,,,,,,,,,,,,
George Kittle SF,,,,,,,,,0.5,147.6,TE,2025-08-14 15:04:33,76.1,1037.1,7.5,,,,,,,,,,,,,
Trey McBride ARI,,,,,,,,,0.5,139.4,TE,2025-08-14 15:04:33,104.4,1053.3,5.8,,,,,,,,,,,,,
Mark Andrews BAL,,,,,,,,,0.8,117.3,TE,2025-08-14 15:04:33,59.9,721.0,7.8,,,,,,,,,,,,,
Sam LaPorta DET,,,,,,,,,0.4,115.6,TE,2025-08-14 15:04:33,67.9,763.9,6.7,,,,,,,,,,,,,
Travis Kelce KC,,,,,,,,,0.9,106.9,TE,2025-08-14 15:04:33,81.0,769.0,5.3,,,,,,,,,,,,,
T.J. Hockenson MIN,,,,,,,,,0.5,106.6,TE,2025-08-14 15:04:33,76.3,799.2,4.6,,,,,,,,,,,,,
David Njoku CLE,,,,,,,,,0.8,100.4,TE,2025-08-14 15:04:33,76.5,731.5,4.8,,,,,,,,,,,,,
Tucker Kraft GB,,,,,,,,,0.8,92.5,TE,2025-08-14 15:04:33,55.2,652.9,4.8,,,,,,,,,,,,,
Tyler Warren IND,,,,,,,,,1.1,88.6,TE,2025-08-14 15:04:33,57.9,647.5,4.3,,,,,,,,,,,,,
Dallas Goedert PHI,,,,,,,,,0.5,85.8,TE,2025-08-14 15:04:33,57.2,633.4,3.9,,,,,,,,,,,,,
Zach Ertz WAS,,,,,,,,,0.1,84.2,TE,2025-08-14 15:04:33,58.1,539.5,5.1,,,,,,,,,,,,,
Dalton Kincaid BUF,,,,,,,,,0.5,83.6,TE,2025-08-14 15:04:33,57.1,603.2,4.0,,,,,,,,,,,,,
Evan Engram DEN,,,,,,,,,0.9,83.4,TE,2025-08-14 15:04:33,69.1,614.2,4.0,,,,,,,,,,,,,
Kyle Pitts Sr. ATL,,,,,,,,,0.1,83.1,TE,2025-08-14 15:04:33,47.8,602.0,3.8,,,,,,,,,,,,,
Jake Ferguson DAL,,,,,,,,,1.2,82.6,TE,2025-08-14 15:04:33,67.8,622.2,3.8,,,,,,,,,,,,,
Hunter Henry NE,,,,,,,,,0.4,78.3,TE,2025-08-14 15:04:33,55.0,572.4,3.6,,,,,,,,,,,,,
Darren Waller MIA,,,,,,,,,0.1,77.9,TE,2025-08-14 15:04:33,52.6,579.4,3.4,,,,,,,,,,,,,
Isaiah Likely BAL,,,,,,,,,0.7,77.0,TE,2025-08-14 15:04:33,41.4,495.5,4.8,,,,,,,,,,,,,
Jonnu Smith PIT,,,,,,,,,0.9,76.7,TE,2025-08-14 15:04:33,52.2,544.5,4.0,,,,,,,,,,,,,
Colston Loveland CHI,,,,,,,,,0.8,76.5,TE,2025-08-14 15:04:33,52.8,554.1,3.8,,,,,,,,,,,,,
Cade Otton TB,,,,,,,,,0.5,76.0,TE,2025-08-14 15:04:33,52.3,532.3,4.0,,,,,,,,,,,,,
Brenton Strange JAC,,,,,,,,,0.5,73.6,TE,2025-08-14 15:04:33,55.3,548.8,3.3,,,,,,,,,,,,,
Mike Gesicki CIN,,,,,,,,,0.4,72.7,TE,2025-08-14 15:04:33,52.8,518.3,3.6,,,,,,,,,,,,,
Chig Okonkwo TEN,,,,,,,,,0.8,69.9,TE,2025-08-14 15:04:33,53.8,537.2,2.9,,,,,,,,,,,,,
Juwan Johnson NO,,,,,,,,,0.2,69.5,TE,2025-08-14 15:04:33,48.9,501.0,3.3,,,,,,,,,,,,,
Dalton Schultz HOU,,,,,,,,,0.4,68.9,TE,2025-08-14 15:04:33,49.9,510.2,3.1,,,,,,,,,,,,,
Pat Freiermuth PIT,,,,,,,,,0.9,68.7,TE,2025-08-14 15:04:33,51.2,493.6,3.5,,,,,,,,,,,,,
Tyler Higbee LAR,,,,,,,,,0.1,64.4,TE,2025-08-14 15:04:33,45.3,425.3,3.7,,,,,,,,,,,,,
Robbie Ouzts SEA,,,,,,,,,1.0,63.9,TE,2025-08-14 15:04:33,49.0,479.0,3.0,,,,,,,,,,,,,
Theo Johnson NYG,,,,,,,,,0.1,63.0,TE,2025-08-14 15:04:33,43.1,470.1,2.7,,,,,,,,,,,,,
Elijah Arroyo SEA,,,,,,,,,0.4,60.1,TE,2025-08-14 15:04:33,41.1,436.0,2.9,,,,,,,,,,,,,
Mason Taylor NYJ,,,,,,,,,0.5,59.4,TE,2025-08-14 15:04:33,44.5,449.6,2.6,,,,,,,,,,,,,
Will Dissly LAC,,,,,,,,,0.0,52.0,TE,2025-08-14 15:04:33,37.8,370.5,2.5,,,,,,,,,,,,,
Noah Fant CIN,,,,,,,,,0.1,51.6,TE,2025-08-14 15:04:33,36.2,370.6,2.4,,,,,,,,,,,,,
Ja'Tavion Sanders CAR,,,,,,,,,0.1,51.1,TE,2025-08-14 15:04:33,38.5,388.4,2.1,,,,,,,,,,,,,
Tyler Conklin LAC,,,,,,,,,0.1,49.9,TE,2025-08-14 15:04:33,36.4,352.8,2.5,,,,,,,,,,,,,
AJ Barner SEA,,,,,,,,,0.1,44.3,TE,2025-08-14 15:04:33,32.4,302.7,2.4,,,,,,,,,,,,,
Noah Gray KC,,,,,,,,,0.0,44.0,TE,2025-08-14 15:04:33,28.2,286.0,2.6,,,,,,,,,,,,,
Cole Kmet CHI,,,,,,,,,0.4,41.7,TE,2025-08-14 15:04:33,30.0,288.7,2.3,,,,,,,,,,,,,
Foster Moreau NO,,,,,,,,,0.1,37.2,TE,2025-08-14 15:04:33,23.0,259.9,1.9,,,,,,,,,,,,,
Austin Hooper NE,,,,,,,,,0.4,35.6,TE,2025-08-14 15:04:33,26.6,263.0,1.7,,,,,,,,,,,,,
Dawson Knox BUF,,,,,,,,,0.0,35.3,TE,2025-08-14 15:04:33,21.9,238.0,1.9,,,,,,,,,,,,,
Michael Mayer LV,,,,,,,,,0.1,35.2,TE,2025-08-14 15:04:33,27.7,257.3,1.6,,,,,,,,,,,,,
Terrance Ferguson LAR,,,,,,,,,0.4,34.1,TE,2025-08-14 15:04:33,23.0,235.5,1.9,,,,,,,,,,,,,
Harold Fannin Jr. CLE,,,,,,,,,0.4,30.0,TE,2025-08-14 15:04:33,23.7,234.3,1.2,,,,,,,,,,,,,
Josh Oliver MIN,,,,,,,,,0.1,28.4,TE,2025-08-14 15:04:33,18.2,192.7,1.5,,,,,,,,,,,,,
Tommy Tremble CAR,,,,,,,,,0.4,27.8,TE,2025-08-14 15:04:33,19.2,183.4,1.7,,,,,,,,,,,,,
Luke Musgrave GB,,,,,,,,,0.0,27.1,TE,2025-08-14 15:04:33,19.1,186.4,1.4,,,,,,,,,,,,,
Brock Wright DET,,,,,,,,,0.0,26.4,TE,2025-08-14 15:04:33,15.0,134.8,2.2,,,,,,,,,,,,,
Ben Sinnott WAS,,,,,,,,,0.1,26.4,TE,2025-08-14 15:04:33,17.9,177.0,1.5,,,,,,,,,,,,,
Cade Stover HOU,,,,,,,,,0.1,25.6,TE,2025-08-14 15:04:33,18.5,180.3,1.3,,,,,,,,,,,,,
Oronde Gadsden II LAC,,,,,,,,,0.0,25.1,TE,2025-08-14 15:04:33,16.5,168.9,1.4,,,,,,,,,,,,,
Taysom Hill NO,,,,,,,,,0.3,24.8,TE,2025-08-14 15:04:33,12.3,104.7,0.7,,,,,,,,,,,,,
Jeremy Ruckert NYJ,,,,,,,,,0.0,23.4,TE,2025-08-14 15:04:33,18.7,161.3,1.2,,,,,,,,,,,,,
Adam Trautman DEN,,,,,,,,,0.0,21.8,TE,2025-08-14 15:04:33,12.6,136.7,1.4,,,,,,,,,,,,,
Gunnar Helm TEN,,,,,,,,,0.4,20.9,TE,2025-08-14 15:04:33,16.4,163.3,0.9,,,,,,,,,,,,,
Luke Schoonmaker DAL,,,,,,,,,0.0,20.1,TE,2025-08-14 15:04:33,14.9,132.5,1.2,,,,,,,,,,,,,
Josh Whyle TEN,,,,,,,,,0.0,19.5,TE,2025-08-14 15:04:33,16.7,152.9,0.7,,,,,,,,,,,,,
Charlie Woerner ATL,,,,,,,,,0.0,19.2,TE,2025-08-14 15:04:33,14.0,130.9,1.0,,,,,,,,,,,,,
Daniel Bellinger NYG,,,,,,,,,0.0,18.9,TE,2025-08-14 15:04:33,14.9,139.8,0.8,,,,,,,,,,,,,
Julian Hill MIA,,,,,,,,,0.4,18.2,TE,2025-08-14 15:04:33,14.7,133.4,0.9,,,,,,,,,,,,,
Jake Briningstool KC,,,,,,,,,0.0,18.1,TE,2025-08-14 15:04:33,12.0,121.0,1.0,,,,,,,,,,,,,
Jelani Woods IND,,,,,,,,,0.0,17.7,TE,2025-08-14 15:04:33,7.0,117.0,1.0,,,,,,,,,,,,,
Payne Durham TB,,,,,,,,,0.0,17.6,TE,2025-08-14 15:04:33,10.8,104.6,1.2,,,,,,,,,,,,,
Elijah Higgins ARI,,,,,,,,,0.0,17.4,TE,2025-08-14 15:04:33,11.4,110.3,1.1,,,,,,,,,,,,,
Keleki Latu BUF,,,,,,,,,0.0,17.1,TE,2025-08-14 15:04:33,10.0,111.0,1.0,,,,,,,,,,,,,
Darnell Washington PIT,,,,,,,,,0.0,16.6,TE,2025-08-14 15:04:33,12.3,123.3,0.7,,,,,,,,,,,,,
Johnny Mundt JAC,,,,,,,,,0.0,16.6,TE,2025-08-14 15:04:33,13.4,115.6,0.8,,,,,,,,,,,,,
Nate Adkins DEN,,,,,,,,,0.0,16.5,TE,2025-08-14 15:04:33,8.5,69.8,1.6,,,,,,,,,,,,,
Grant Calcaterra PHI,,,,,,,,,0.0,16.0,TE,2025-08-14 15:04:33,10.4,109.2,0.9,,,,,,,,,,,,,
Colby Parkinson LAR,,,,,,,,,0.0,15.8,TE,2025-08-14 15:04:33,10.6,106.9,0.9,,,,,,,,,,,,,
Connor Heyward PIT,,,,,,,,,0.0,15.7,TE,2025-08-14 15:04:33,10.2,87.7,1.2,,,,,,,,,,,,,
Drew Ogletree IND,,,,,,,,,0.0,13.7,TE,2025-08-14 15:04:33,6.9,86.9,0.8,,,,,,,,,,,,,
Drew Sample CIN,,,,,,,,,0.0,12.8,TE,2025-08-14 15:04:33,10.4,82.5,0.8,,,,,,,,,,,,,
Pharaoh Brown MIA,,,,,,,,,0.0,12.1,TE,2025-08-14 15:04:33,10.1,93.4,0.5,,,,,,,,,,,,,
Teagan Quitoriano ATL,,,,,,,,,0.0,12.0,TE,2025-08-14 15:04:33,5.5,89.5,0.5,,,,,,,,,,,,,
Lawrence Cager WAS,,,,,,,,,0.0,11.7,TE,2025-08-14 15:04:33,5.5,57.0,1.0,,,,,,,,,,,,,
Gavin Bartholomew MIN,,,,,,,,,0.0,11.0,TE,2025-08-14 15:04:33,7.0,75.0,0.6,,,,,,,,,,,,,
Brevyn Spann-Ford DAL,,,,,,,,,0.0,10.7,TE,2025-08-14 15:04:33,7.3,69.7,0.6,,,,,,,,,,,,,
Lucas Krull DEN,,,,,,,,,0.0,10.3,TE,2025-08-14 15:04:33,8.3,79.8,0.4,,,,,,,,,,,,,
Quintin Morris JAC,,,,,,,,,0.0,10.1,TE,2025-08-14 15:04:33,7.9,70.6,0.5,,,,,,,,,,,,,
Devin Culp TB,,,,,,,,,0.0,10.1,TE,2025-08-14 15:04:33,6.1,65.6,0.6,,,,,,,,,,,,,
Charlie Kolar BAL,,,,,,,,,0.0,9.9,TE,2025-08-14 15:04:33,5.7,71.7,0.4,,,,,,,,,,,,,
Tanner McLachlan CIN,,,,,,,,,0.0,9.9,TE,2025-08-14 15:04:33,7.0,68.5,0.5,,,,,,,,,,,,,
Hunter Long JAC,,,,,,,,,0.0,9.8,TE,2025-08-14 15:04:33,8.4,76.2,0.4,,,,,,,,,,,,,
Giovanni Ricci MIN,,,,,,,,,0.0,9.6,TE,2025-08-14 15:04:33,8.0,96.0,0.0,,,,,,,,,,,,,
Jaheim Bell NE,,,,,,,,,0.0,9.4,TE,2025-08-14 15:04:33,6.4,64.2,0.5,,,,,,,,,,,,,
Brenden Bates CLE,,,,,,,,,0.0,9.4,TE,2025-08-14 15:04:33,6.5,61.4,0.5,,,,,,,,,,,,,
John Bates WAS,,,,,,,,,0.0,9.3,TE,2025-08-14 15:04:33,5.9,54.9,0.6,,,,,,,,,,,,,
Kenny Yeboah DET,,,,,,,,,0.0,9.2,TE,2025-08-14 15:04:33,6.0,61.5,0.5,,,,,,,,,,,,,
Luke Farrell SF,,,,,,,,,0.0,9.1,TE,2025-08-14 15:04:33,6.6,64.6,0.4,,,,,,,,,,,,,
Eric Saubert SEA,,,,,,,,,0.0,8.8,TE,2025-08-14 15:04:33,6.9,61.0,0.5,,,,,,,,,,,,,
Brayden Willis SF,,,,,,,,,0.0,8.5,TE,2025-08-14 15:04:33,4.5,54.5,0.5,,,,,,,,,,,,,
Ian Thomas LV,,,,,,,,,0.0,8.3,TE,2025-08-14 15:04:33,6.6,59.0,0.4,,,,,,,,,,,,,
Stone Smartt NYJ,,,,,,,,,0.3,8.2,TE,2025-08-14 15:04:33,5.5,66.7,0.4,,,,,,,,,,,,,
Mitchell Evans CAR,,,,,,,,,0.0,8.2,TE,2025-08-14 15:04:33,6.3,59.4,0.4,,,,,,,,,,,,,
Ben Sims GB,,,,,,,,,0.0,8.1,TE,2025-08-14 15:04:33,5.0,51.0,0.5,,,,,,,,,,,,,
Caleb Lohner DEN,,,,,,,,,0.0,8.1,TE,2025-08-14 15:04:33,5.5,51.0,0.5,,,,,,,,,,,,,
Cam Grandy CIN,,,,,,,,,0.0,8.1,TE,2025-08-14 15:04:33,6.2,54.0,0.4,,,,,,,,,,,,,
Thomas Fidone II NYG,,,,,,,,,0.0,8.1,TE,2025-08-14 15:04:33,5.5,50.5,0.5,,,,,,,,,,,,,
Jackson Hawes BUF,,,,,,,,,0.0,8.0,TE,2025-08-14 15:04:33,5.3,56.8,0.4,,,,,,,,,,,,,
Jared Wiley KC,,,,,,,,,0.0,7.7,TE,2025-08-14 15:04:33,5.4,53.4,0.4,,,,,,,,,,,,,
Ross Dwelley SF,,,,,,,,,0.0,7.7,TE,2025-08-14 15:04:33,4.0,56.7,0.3,,,,,,,,,,,,,
Durham Smythe CHI,,,,,,,,,0.0,6.6,TE,2025-08-14 15:04:33,5.4,45.6,0.3,,,,,,,,,,,,,
Chris Manhertz NYG,,,,,,,,,0.0,6.6,TE,2025-08-14 15:04:33,4.9,43.3,0.4,,,,,,,,,,,,,
Robert Tonyan KC,,,,,,,,,0.0,6.3,TE,2025-08-14 15:04:33,4.7,43.3,0.3,,,,,,,,,,,,,
Mo Alie-Cox IND,,,,,,,,,0.0,5.2,TE,2025-08-14 15:04:33,3.1,37.0,0.3,,,,,,,,,,,,,
Tre' McKitty HOU,,,,,,,,,0.0,5.1,TE,2025-08-14 15:04:33,4.1,40.2,0.2,,,,,,,,,,,,,
Davis Allen LAR,,,,,,,,,0.0,5.1,TE,2025-08-14 15:04:33,4.1,38.4,0.2,,,,,,,,,,,,,
Tip Reiman ARI,,,,,,,,,0.0,5.0,TE,2025-08-14 15:04:33,4.4,43.0,0.1,,,,,,,,,,,,,
Irv Smith Jr. HOU,,,,,,,,,0.0,5.0,TE,2025-08-14 15:04:33,4.0,33.8,0.3,,,,,,,,,,,,,
Will Mallory IND,,,,,,,,,0.0,4.9,TE,2025-08-14 15:04:33,2.9,31.3,0.3,,,,,,,,,,,,,
Dominique Dafney CAR,,,,,,,,,0.0,4.5,TE,2025-08-14 15:04:33,3.6,34.6,0.2,,,,,,,,,,,,,
Kylen Granson PHI,,,,,,,,,0.0,4.3,TE,2025-08-14 15:04:33,3.1,33.4,0.2,,,,,,,,,,,,,
Greg Dulcich NYG,,,,,,,,,0.0,3.8,TE,2025-08-14 15:04:33,3.0,31.0,0.1,,,,,,,,,,,,,
Tanner Hudson CIN,,,,,,,,,0.0,3.6,TE,2025-08-14 15:04:33,3.0,26.4,0.2,,,,,,,,,,,,,
Tucker Fisk LAC,,,,,,,,,0.0,3.2,TE,2025-08-14 15:04:33,2.6,25.7,0.1,,,,,,,,,,,,,
Erick All Jr. CIN,,,,,,,,,0.0,3.1,TE,2025-08-14 15:04:33,2.4,20.4,0.2,,,,,,,,,,,,,
Tanner Conner MIA,,,,,,,,,0.0,2.9,TE,2025-08-14 15:04:33,2.1,20.5,0.2,,,,,,,,,,,,,
Zach Davidson BUF,,,,,,,,,0.0,2.9,TE,2025-08-14 15:04:33,1.9,19.0,0.2,,,,,,,,,,,,,
Jack Stoll NO,,,,,,,,,0.0,2.6,TE,2025-08-14 15:04:33,2.5,23.7,0.0,,,,,,,,,,,,,
David Martin-Robinson TEN,,,,,,,,,0.0,2.6,TE,2025-08-14 15:04:33,1.9,18.6,0.1,,,,,,,,,,,,,
Feleipe Franks ATL,,,,,,,,,0.0,2.5,TE,2025-08-14 15:04:33,1.8,17.7,0.1,,,,,,,,,,,,,
Blake Whiteheart CLE,,,,,,,,,0.0,2.4,TE,2025-08-14 15:04:33,1.9,18.1,0.1,,,,,,,,,,,,,
James Mitchell CAR,,,,,,,,,0.0,2.3,TE,2025-08-14 15:04:33,1.8,17.4,0.1,,,,,,,,,,,,,
Nick Vannett MIN,,,,,,,,,0.0,1.0,TE,2025-08-14 15:04:33,1.0,10.0,0.0,,,,,,,,,,,,,
Harrison Bryant PHI,,,,,,,,,0.0,0.6,TE,2025-08-14 15:04:33,0.5,5.5,0.0,,,,,,,,,,,,,
Tyree Jackson WAS,,,,,,,,,0.0,0.0,TE,2025-08-14 15:04:33,0.0,0.0,0.0,,,,,,,,,,,,,
Stephen Carlson CHI,,,,,,,,,0.0,0.0,TE,2025-08-14 15:04:33,0.0,0.0,0.0,,,,,,,,,,,,,
Josiah Deguara ARI,,,,,,,,,0.0,0.0,TE,2025-08-14 15:04:33,0.0,0.0,0.0,,,,,,,,,,,,,
Dalton Keene HOU,,,,,,,,,0.0,0.0,TE,2025-08-14 15:04:33,0.0,0.0,0.0,,,,,,,,,,,,,
Albert Okwuegbunam Jr. LV,,,,,,,,,0.0,0.0,TE,2025-08-14 15:04:33,0.0,0.0,0.0,,,,,,,,,,,,,
Sean McKeon IND,,,,,,,,,0.0,0.0,TE,2025-08-14 15:04:33,0.0,0.0,0.0,,,,,,,,,,,,,
Shane Zylstra DET,,,,,,,,,0.0,0.0,TE,2025-08-14 15:04:33,0.0,0.0,0.0,,,,,,,,,,,,,
Tyler Mabry CAR,,,,,,,,,0.0,0.0,TE,2025-08-14 15:04:33,0.0,0.0,0.0,,,,,,,,,,,,,
Ko Kieft TB,,,,,,,,,0.0,0.0,TE,2025-08-14 15:04:33,0.0,0.0,0.0,,,,,,,,,,,,,
Cole Turner WAS,,,,,,,,,0.0,0.0,TE,2025-08-14 15:04:33,0.0,0.0,0.0,,,,,,,,,,,,,
John FitzPatrick GB,,,,,,,,,0.0,0.0,TE,2025-08-14 15:04:33,0.0,0.0,0.0,,,,,,,,,,,,,
Nick Muse PHI,,,,,,,,,0.0,0.0,TE,2025-08-14 15:04:33,0.0,0.0,0.0,,,,,,,,,,,,,
Jake Tonges SF,,,,,,,,,0.0,0.0,TE,2025-08-14 15:04:33,0.0,0.0,0.0,,,,,,,,,,,,,
Nikola Kalinic ATL,,,,,,,,,0.0,0.0,TE,2025-08-14 15:04:33,0.0,0.0,0.0,,,,,,,,,,,,,
Cameron Latu PHI,,,,,,,,,0.0,0.0,TE,2025-08-14 15:04:33,0.0,0.0,0.0,,,,,,,,,,,,,
Justin Shorter LV,,,,,,,,,0.0,0.0,TE,2025-08-14 15:04:33,0.0,0.0,0.0,,,,,,,,,,,,,
Zack Kuntz NYJ,,,,,,,,,0.0,0.0,TE,2025-08-14 15:04:33,0.0,0.0,0.0,,,,,,,,,,,,,
Princeton Fant DAL,,,,,,,,,0.0,0.0,TE,2025-08-14 15:04:33,0.0,0.0,0.0,,,,,,,,,,,,,
Travis Vokolek ARI,,,,,,,,,0.0,0.0,TE,2025-08-14 15:04:33,0.0,0.0,0.0,,,,,,,,,,,,,
Cole Fotheringham NE,,,,,,,,,0.0,0.0,TE,2025-08-14 15:04:33,0.0,0.0,0.0,,,,,,,,,,,,,
John Stephens Jr. DAL,,,,,,,,,0.0,0.0,TE,2025-08-14 15:04:33,0.0,0.0,0.0,,,,,,,,,,,,,
Colson Yankoff WAS,,,,,,,,,0.0,0.0,TE,2025-08-14 15:04:33,0.0,0.0,0.0,,,,,,,,,,,,,
Thomas Odukoya TEN,,,,,,,,,0.0,0.0,TE,2025-08-14 15:04:33,0.0,0.0,0.0,,,,,,,,,,,,,
E.J. Jenkins PHI,,,,,,,,,0.0,0.0,TE,2025-08-14 15:04:33,0.0,0.0,0.0,,,,,,,,,,,,,
Baylor Cupp BAL,,,,,,,,,0.0,0.0,TE,2025-08-14 15:04:33,0.0,0.0,0.0,,,,,,,,,,,,,
Jack Westover NE,,,,,,,,,0.0,0.0,TE,2025-08-14 15:04:33,0.0,0.0,0.0,,,,,,,,,,,,,
Luke Lachey HOU,,,,,,,,,0.0,0.0,TE,2025-08-14 15:04:33,0.0,0.0,0.0,,,,,,,,,,,,,
Moliki Matavao NO,,,,,,,,,0.0,0.0,TE,2025-08-14 15:04:33,0.0,0.0,0.0,,,,,,,,,,,,,
Mitchell Wilcox MIA,,,,,,,,,0.0,0.0,TE,2025-08-14 15:04:33,0.0,0.0,0.0,,,,,,,,,,,,,
,,,,,,,,,,,K,2025-08-14 15:04:36,,,,Brandon Aubrey DAL,33.5,37.3,41.2,141.6,,,,,,,,
,,,,,,,,,,,K,2025-08-14 15:04:36,,,,Matt Gay WAS,29.9,35.3,47.3,137.1,,,,,,,,
,,,,,,,,,,,K,2025-08-14 15:04:36,,,,Chase McLaughlin TB,30.1,32.6,46.1,136.4,,,,,,,,
,,,,,,,,,,,K,2025-08-14 15:04:36,,,,Jake Elliott PHI,29.3,34.2,46.2,134.1,,,,,,,,
,,,,,,,,,,,K,2025-08-14 15:04:36,,,,Jason Sanders MIA,31.0,35.0,40.3,133.4,,,,,,,,
,,,,,,,,,,,K,2025-08-14 15:04:36,,,,Tyler Bass BUF,27.0,32.5,51.1,132.2,,,,,,,,
,,,,,,,,,,,K,2025-08-14 15:04:36,,,,Cameron Dicker LAC,31.2,34.3,37.6,131.2,,,,,,,,
,,,,,,,,,,,K,2025-08-14 15:04:36,,,,Jake Bates DET,27.2,30.3,48.4,130.0,,,,,,,,
,,,,,,,,,,,K,2025-08-14 15:04:36,,,,Tyler Loop BAL,27.4,32.5,47.5,129.6,,,,,,,,
,,,,,,,,,,,K,2025-08-14 15:04:36,,,,Evan McPherson CIN,27.4,33.6,47.2,129.5,,,,,,,,
,,,,,,,,,,,K,2025-08-14 15:04:36,,,,Ka'imi Fairbairn HOU,30.7,34.7,36.5,128.4,,,,,,,,
,,,,,,,,,,,K,2025-08-14 15:04:36,,,,Harrison Butker KC,28.7,33.3,42.3,128.3,,,,,,,,
,,,,,,,,,,,K,2025-08-14 15:04:36,,,,Brandon McManus GB,27.7,32.3,44.3,127.3,,,,,,,,
,,,,,,,,,,,K,2025-08-14 15:04:36,,,,Younghoe Koo ATL,28.0,34.4,42.2,126.2,,,,,,,,
,,,,,,,,,,,K,2025-08-14 15:04:36,,,,Chris Boswell PIT,30.2,33.7,35.4,126.0,,,,,,,,
,,,,,,,,,,,K,2025-08-14 15:04:36,,,,Wil Lutz DEN,28.4,32.3,39.6,124.7,,,,,,,,
,,,,,,,,,,,K,2025-08-14 15:04:36,,,,Joshua Karty LAR,28.7,33.6,38.6,124.6,,,,,,,,
,,,,,,,,,,,K,2025-08-14 15:04:36,,,,Jake Moody SF,27.7,34.7,40.8,124.0,,,,,,,,
,,,,,,,,,,,K,2025-08-14 15:04:36,,,,Will Reichard MIN,28.0,33.4,40.0,124.0,,,,,,,,
,,,,,,,,,,,K,2025-08-14 15:04:36,,,,Chad Ryland ARI,28.1,33.3,38.9,123.1,,,,,,,,
,,,,,,,,,,,K,2025-08-14 15:04:36,,,,Daniel Carlson LV,29.6,34.1,32.6,121.3,,,,,,,,
,,,,,,,,,,,K,2025-08-14 15:04:36,,,,Cam Little JAC,27.3,30.7,36.3,118.4,,,,,,,,
,,,,,,,,,,,K,2025-08-14 15:04:36,,,,Jason Myers SEA,27.4,31.1,34.1,116.2,,,,,,,,
,,,,,,,,,,,K,2025-08-14 15:04:36,,,,Cairo Santos CHI,26.3,30.7,36.9,116.0,,,,,,,,
,,,,,,,,,,,K,2025-08-14 15:04:36,,,,Ryan Fitzgerald CAR,27.6,33.2,32.8,115.5,,,,,,,,
,,,,,,,,,,,K,2025-08-14 15:04:36,,,,Spencer Shrader IND,26.1,31.1,35.5,113.9,,,,,,,,
,,,,,,,,,,,K,2025-08-14 15:04:36,,,,Nick Folk NYJ,26.2,29.5,33.1,111.8,,,,,,,,
,,,,,,,,,,,K,2025-08-14 15:04:36,,,,Blake Grupe NO,26.8,31.5,30.5,111.0,,,,,,,,
,,,,,,,,,,,K,2025-08-14 15:04:36,,,,Joey Slye TEN,25.8,31.8,31.8,109.3,,,,,,,,
,,,,,,,,,,,K,2025-08-14 15:04:36,,,,Andy Borregales NE,24.5,29.1,31.6,105.1,,,,,,,,
,,,,,,,,,,,K,2025-08-14 15:04:36,,,,Graham Gano NYG,24.3,28.8,30.5,103.5,,,,,,,,
,,,,,,,,,,,K,2025-08-14 15:04:36,,,,Dustin Hopkins CLE,22.9,29.2,24.6,93.2,,,,,,,,
,,,,,,,,,,,K,2025-08-14 15:04:36,,,,Matthew Wright CAR,15.3,17.7,19.5,65.5,,,,,,,,
,,,,,,,,,,,K,2025-08-14 15:04:36,,,,Harrison Mevis NYJ,0.0,0.0,0.0,0.0,,,,,,,,
,,,,,,,,,,,K,2025-08-14 15:04:36,,,,Parker Romo NE,0.0,0.0,0.0,0.0,,,,,,,,
,,,,,,,,,,,K,2025-08-14 15:04:36,,,,Jude McAtamney NYG,0.0,0.0,0.0,0.0,,,,,,,,
,,,,,,,,,,,K,2025-08-14 15:04:36,,,,Caden Davis BUF,0.0,0.0,0.0,0.0,,,,,,,,
,,,,,,,,,,,DST,2025-08-14 15:04:39,,,,Denver Broncos,,,,116.3,52.4,12.5,11.1,15.7,2.6,0.5,341.3,5388.0
,,,,,,,,,,,DST,2025-08-14 15:04:39,,,,Buffalo Bills,,,,116.3,45.4,14.0,12.8,21.2,2.7,0.5,344.6,5806.2
,,,,,,,,,,,DST,2025-08-14 15:04:39,,,,Philadelphia Eagles,,,,115.6,45.7,13.5,13.3,22.5,2.7,0.0,344.0,5510.1
,,,,,,,,,,,DST,2025-08-14 15:04:39,,,,Houston Texans,,,,115.3,47.2,15.5,10.0,14.1,2.7,0.5,348.1,5478.1
,,,,,,,,,,,DST,2025-08-14 15:04:39,,,,Baltimore Ravens,,,,114.3,52.4,13.9,9.7,13.7,2.3,0.5,340.7,5350.5
,,,,,,,,,,,DST,2025-08-14 15:04:39,,,,Dallas Cowboys,,,,111.7,51.9,12.0,10.3,16.5,2.6,0.0,397.2,5922.8
,,,,,,,,,,,DST,2025-08-14 15:04:39,,,,Pittsburgh Steelers,,,,110.7,43.9,13.8,12.1,20.1,2.5,0.0,347.4,5679.5
,,,,,,,,,,,DST,2025-08-14 15:04:39,,,,Green Bay Packers,,,,108.6,46.1,12.5,11.7,18.4,2.2,0.5,363.0,5647.6
,,,,,,,,,,,DST,2025-08-14 15:04:39,,,,Minnesota Vikings,,,,108.5,45.8,13.5,10.3,15.2,2.5,0.0,356.6,5299.6
,,,,,,,,,,,DST,2025-08-14 15:04:39,,,,New York Giants,,,,108.3,50.8,10.5,11.9,19.2,2.1,0.0,419.9,5855.7
,,,,,,,,,,,DST,2025-08-14 15:04:39,,,,Detroit Lions,,,,104.8,43.1,13.8,9.6,14.2,2.5,0.0,375.1,5786.4
,,,,,,,,,,,DST,2025-08-14 15:04:39,,,,San Francisco 49ers,,,,103.6,42.9,13.5,8.9,14.1,2.3,1.0,384.0,5638.2
,,,,,,,,,,,DST,2025-08-14 15:04:39,,,,Los Angeles Chargers,,,,103.5,46.8,12.3,9.9,15.3,2.1,0.0,371.0,5794.4
,,,,,,,,,,,DST,2025-08-14 15:04:39,,,,Tampa Bay Buccaneers,,,,102.7,44.3,11.7,11.0,16.7,2.0,0.5,374.8,5743.0
,,,,,,,,,,,DST,2025-08-14 15:04:39,,,,Kansas City Chiefs,,,,102.7,45.5,12.1,9.3,13.8,2.2,0.5,347.4,5580.4
,,,,,,,,,,,DST,2025-08-14 15:04:39,,,,Washington Commanders,,,,102.4,45.9,11.1,10.3,16.0,2.1,0.5,398.9,6104.0
,,,,,,,,,,,DST,2025-08-14 15:04:39,,,,Los Angeles Rams,,,,102.0,44.7,12.7,8.7,14.3,2.3,0.5,375.7,5910.1
,,,,,,,,,,,DST,2025-08-14 15:04:39,,,,Indianapolis Colts,,,,102.0,41.8,12.8,9.6,15.8,2.2,1.0,408.0,5851.6
,,,,,,,,,,,DST,2025-08-14 15:04:39,,,,Chicago Bears,,,,101.4,40.5,13.2,10.2,17.3,2.2,0.5,386.8,5919.1
,,,,,,,,,,,DST,2025-08-14 15:04:39,,,,Seattle Seahawks,,,,101.3,45.1,12.9,8.6,14.2,2.0,0.5,362.2,5632.5
,,,,,,,,,,,DST,2025-08-14 15:04:39,,,,Cleveland Browns,,,,98.8,44.9,11.1,9.2,14.4,2.2,0.0,417.7,5984.7
,,,,,,,,,,,DST,2025-08-14 15:04:39,,,,New York Jets,,,,98.5,43.0,12.3,9.5,14.3,1.8,0.5,387.2,5401.1
,,,,,,,,,,,DST,2025-08-14 15:04:39,,,,Arizona Cardinals,,,,97.1,41.4,11.7,8.9,14.7,2.1,1.0,398.7,5805.8
,,,,,,,,,,,DST,2025-08-14 15:04:39,,,,Cincinnati Bengals,,,,96.2,40.1,12.4,9.3,14.7,2.1,0.0,422.5,6156.1
,,,,,,,,,,,DST,2025-08-14 15:04:39,,,,Miami Dolphins,,,,93.7,40.0,11.4,9.0,13.1,2.0,0.5,392.9,5708.0
,,,,,,,,,,,DST,2025-08-14 15:04:39,,,,Las Vegas Raiders,,,,93.1,42.5,11.0,8.0,12.5,1.9,0.5,418.2,5762.8
,,,,,,,,,,,DST,2025-08-14 15:04:39,,,,Atlanta Falcons,,,,92.2,39.1,11.7,8.5,14.0,1.9,0.5,412.2,6022.3
,,,,,,,,,,,DST,2025-08-14 15:04:39,,,,Jacksonville Jaguars,,,,90.9,38.8,12.0,8.2,11.2,2.0,0.0,413.0,5851.0
,,,,,,,,,,,DST,2025-08-14 15:04:39,,,,New Orleans Saints,,,,90.1,37.9,13.1,7.6,9.7,1.8,0.0,389.7,5855.2
,,,,,,,,,,,DST,2025-08-14 15:04:39,,,,Tennessee Titans,,,,89.8,39.6,10.9,8.6,13.8,1.7,0.5,421.1,5702.6
,,,,,,,,,,,DST,2025-08-14 15:04:39,,,,New England Patriots,,,,85.3,36.1,11.5,8.2,11.7,1.6,0.0,402.5,5520.5
,,,,,,,,,,,DST,2025-08-14 15:04:39,,,,Carolina Panthers,,,,83.0,34.7,11.2,7.8,11.9,1.7,0.0,442.4,6334.1
