RANK,POSITION,CBS,SLEEPER,RTSPORTS,ADP,SCRAPE_DATE,SOURCE,PLAYER,TEAM,BYE_WEEK
1,WR1,,1.0,1.0,1.0,2025-08-15 10:46:11,FantasyPros,Ja'Marr Chase,CIN,10
2,RB1,,3.0,2.0,2.5,2025-08-15 10:46:11,FantasyPros,Bijan Robinson,ATL,5
3,RB2,,2.0,4.0,3.0,2025-08-15 10:46:11,FantasyPros,Saquon Barkley,PHI,9
4,RB3,,5.0,3.0,4.0,2025-08-15 10:46:11,FantasyPros,Jahmyr Gibbs,DET,8
5,WR2,,4.0,6.0,5.0,2025-08-15 10:46:11,FantasyPros,Justin Jefferson,MIN,6
6,WR3,,6.0,5.0,5.5,2025-08-15 10:46:11,FantasyPros,CeeDee Lamb,DAL,10
7,WR4,,7.0,10.0,8.5,2025-08-15 10:46:11,FantasyPros,Puka Nacua,LAR,8
8,WR5,,9.0,9.0,9.0,2025-08-15 10:46:11,FantasyPros,Malik Nabers,NYG,14
9,WR6,,8.0,11.0,9.5,2025-08-15 10:46:11,FantasyPros,Amon-Ra St. Brown,DET,8
10,RB4,,11.0,8.0,9.5,2025-08-15 10:46:11,FantasyPros,Ashton Jeanty,LV,8
11,RB5,,14.0,7.0,10.5,2025-08-15 10:46:11,FantasyPros,Christian McCaffrey,SF,14
12,RB6,,10.0,13.0,11.5,2025-08-15 10:46:11,FantasyPros,Derrick Henry,BAL,7
13,WR7,,12.0,15.0,13.5,2025-08-15 10:46:11,FantasyPros,Nico Collins,HOU,6
14,WR8,,13.0,14.0,13.5,2025-08-15 10:46:11,FantasyPros,Brian Thomas Jr.,JAC,8
15,RB7,,16.0,12.0,14.0,2025-08-15 10:46:11,FantasyPros,De'Von Achane,MIA,12
16,TE1,,15.0,19.0,17.0,2025-08-15 10:46:11,FantasyPros,Brock Bowers,LV,8
17,RB8,,17.0,18.0,17.5,2025-08-15 10:46:11,FantasyPros,Bucky Irving,TB,9
18,RB9,,20.0,16.0,18.0,2025-08-15 10:46:11,FantasyPros,Josh Jacobs,GB,5
19,WR9,,18.0,20.0,19.0,2025-08-15 10:46:11,FantasyPros,Drake London,ATL,5
20,WR10,,19.0,25.0,22.0,2025-08-15 10:46:11,FantasyPros,A.J. Brown,PHI,9
21,RB10,,23.0,21.0,22.0,2025-08-15 10:46:11,FantasyPros,Jonathan Taylor,IND,11
22,RB11,,28.0,17.0,22.5,2025-08-15 10:46:11,FantasyPros,Chase Brown,CIN,10
23,QB1,,22.0,23.0,22.5,2025-08-15 10:46:11,FantasyPros,Josh Allen,BUF,7
24,QB2,,25.0,22.0,23.5,2025-08-15 10:46:11,FantasyPros,Lamar Jackson,BAL,7
25,WR11,,21.0,29.0,25.0,2025-08-15 10:46:11,FantasyPros,Ladd McConkey,LAC,12
26,TE2,,24.0,27.0,25.5,2025-08-15 10:46:11,FantasyPros,Trey McBride,ARI,8
27,RB12,,27.0,24.0,25.5,2025-08-15 10:46:11,FantasyPros,Kyren Williams,LAR,8
28,WR12,,29.0,26.0,27.5,2025-08-15 10:46:11,FantasyPros,Tyreek Hill,MIA,12
29,QB3,,30.0,30.0,30.0,2025-08-15 10:46:11,FantasyPros,Jayden Daniels,WAS,12
30,WR13,,26.0,35.0,30.5,2025-08-15 10:46:11,FantasyPros,Jaxon Smith-Njigba,SEA,8
31,RB13,,33.0,28.0,30.5,2025-08-15 10:46:11,FantasyPros,Breece Hall,NYJ,9
32,WR14,,31.0,36.0,33.5,2025-08-15 10:46:11,FantasyPros,Tee Higgins,CIN,10
33,WR15,,32.0,37.0,34.5,2025-08-15 10:46:11,FantasyPros,Garrett Wilson,NYJ,9
34,RB14,,35.0,34.0,34.5,2025-08-15 10:46:11,FantasyPros,James Cook,BUF,7
35,RB15,,39.0,31.0,35.0,2025-08-15 10:46:11,FantasyPros,Omarion Hampton,LAC,12
36,QB4,,43.0,32.0,37.5,2025-08-15 10:46:11,FantasyPros,Joe Burrow,CIN,10
37,RB16,,44.0,33.0,38.5,2025-08-15 10:46:11,FantasyPros,Alvin Kamara,NO,11
38,WR16,,36.0,43.0,39.5,2025-08-15 10:46:11,FantasyPros,Marvin Harrison Jr.,ARI,8
39,TE3,,38.0,42.0,40.0,2025-08-15 10:46:11,FantasyPros,George Kittle,SF,14
40,QB5,,40.0,40.0,40.0,2025-08-15 10:46:11,FantasyPros,Jalen Hurts,PHI,9
41,WR17,,34.0,47.0,40.5,2025-08-15 10:46:11,FantasyPros,Terry McLaurin,WAS,12
42,WR18,,42.0,39.0,40.5,2025-08-15 10:46:11,FantasyPros,Davante Adams,LAR,8
43,RB17,,45.0,38.0,41.5,2025-08-15 10:46:11,FantasyPros,Kenneth Walker,III,
44,WR19,,37.0,48.0,42.5,2025-08-15 10:46:11,FantasyPros,Mike Evans,TB,9
45,RB18,,47.0,41.0,44.0,2025-08-15 10:46:11,FantasyPros,Chuba Hubbard,CAR,14
46,WR20,,48.0,45.0,46.5,2025-08-15 10:46:11,FantasyPros,DJ Moore,CHI,5
47,WR21,,41.0,56.0,48.5,2025-08-15 10:46:11,FantasyPros,Rashee Rice,KC,10
48,RB19,,51.0,49.0,50.0,2025-08-15 10:46:11,FantasyPros,James Conner,ARI,8
49,WR22,,49.0,51.0,50.0,2025-08-15 10:46:11,FantasyPros,DK Metcalf,PIT,5
50,WR23,,50.0,50.0,50.0,2025-08-15 10:46:11,FantasyPros,Courtland Sutton,DEN,12
51,RB20,,63.0,44.0,53.5,2025-08-15 10:46:11,FantasyPros,TreVeyon Henderson,NE,14
52,WR24,,54.0,55.0,54.5,2025-08-15 10:46:11,FantasyPros,DeVonta Smith,PHI,9
53,RB21,,58.0,52.0,55.0,2025-08-15 10:46:11,FantasyPros,RJ Harvey,DEN,12
54,TE4,,52.0,61.0,56.5,2025-08-15 10:46:11,FantasyPros,Sam LaPorta,DET,8
55,WR25,,60.0,53.0,56.5,2025-08-15 10:46:11,FantasyPros,Tetairoa McMillan,CAR,14
56,RB22,,55.0,59.0,57.0,2025-08-15 10:46:11,FantasyPros,David Montgomery,DET,8
57,RB23,,46.0,70.0,58.0,2025-08-15 10:46:11,FantasyPros,Joe Mixon,HOU,6
58,QB6,,64.0,54.0,59.0,2025-08-15 10:46:11,FantasyPros,Patrick Mahomes,II,
59,RB24,,75.0,46.0,60.5,2025-08-15 10:46:11,FantasyPros,D'Andre Swift,CHI,5
60,WR26,,56.0,65.0,60.5,2025-08-15 10:46:11,FantasyPros,Xavier Worthy,KC,10
61,WR27,,57.0,66.0,61.5,2025-08-15 10:46:11,FantasyPros,Jameson Williams,DET,8
62,WR28,,53.0,71.0,62.0,2025-08-15 10:46:11,FantasyPros,Zay Flowers,BAL,7
63,RB25,,62.0,62.0,62.0,2025-08-15 10:46:11,FantasyPros,Isiah Pacheco,KC,10
64,RB26,,67.0,60.0,63.5,2025-08-15 10:46:11,FantasyPros,Aaron Jones Sr.,MIN,6
65,WR29,,61.0,68.0,64.5,2025-08-15 10:46:11,FantasyPros,George Pickens,DAL,10
66,TE5,,59.0,74.0,66.5,2025-08-15 10:46:11,FantasyPros,T.J. Hockenson,MIN,6
67,WR30,,77.0,58.0,67.5,2025-08-15 10:46:11,FantasyPros,Calvin Ridley,TEN,10
68,RB27,,79.0,57.0,68.0,2025-08-15 10:46:11,FantasyPros,Kaleb Johnson,PIT,5
69,RB28,,73.0,63.0,68.0,2025-08-15 10:46:11,FantasyPros,Tony Pollard,TEN,10
70,WR31,,65.0,72.0,68.5,2025-08-15 10:46:11,FantasyPros,Travis Hunter,JAC,8
71,WR32,,71.0,67.0,69.0,2025-08-15 10:46:11,FantasyPros,Jerry Jeudy,CLE,9
72,TE6,,76.0,64.0,70.0,2025-08-15 10:46:11,FantasyPros,Travis Kelce,KC,10
73,QB7,,74.0,69.0,71.5,2025-08-15 10:46:11,FantasyPros,Baker Mayfield,TB,9
74,WR33,,68.0,77.0,72.5,2025-08-15 10:46:11,FantasyPros,Jaylen Waddle,MIA,12
75,WR34,,69.0,76.0,72.5,2025-08-15 10:46:11,FantasyPros,Chris Olave,NO,11
76,WR35,,72.0,82.0,77.0,2025-08-15 10:46:11,FantasyPros,Chris Godwin,TB,9
77,RB29,,80.0,75.0,77.5,2025-08-15 10:46:11,FantasyPros,Tyrone Tracy Jr.,NYG,14
78,WR36,,70.0,87.0,78.5,2025-08-15 10:46:11,FantasyPros,Jordan Addison,MIN,6
79,QB8,,85.0,73.0,79.0,2025-08-15 10:46:11,FantasyPros,Bo Nix,DEN,12
80,WR37,,78.0,83.0,80.5,2025-08-15 10:46:11,FantasyPros,Rome Odunze,CHI,5
81,RB30,,81.0,80.0,80.5,2025-08-15 10:46:11,FantasyPros,Brian Robinson Jr.,WAS,12
82,RB31,,87.0,78.0,82.5,2025-08-15 10:46:11,FantasyPros,Jaylen Warren,PIT,5
83,WR38,,88.0,79.0,83.5,2025-08-15 10:46:11,FantasyPros,Deebo Samuel Sr.,WAS,12
84,TE7,,82.0,90.0,86.0,2025-08-15 10:46:11,FantasyPros,Mark Andrews,BAL,7
85,WR39,,94.0,81.0,87.5,2025-08-15 10:46:11,FantasyPros,Stefon Diggs,NE,14
86,WR40,,92.0,84.0,88.0,2025-08-15 10:46:11,FantasyPros,Cooper Kupp,SEA,8
87,TE8,,91.0,85.0,88.0,2025-08-15 10:46:11,FantasyPros,Evan Engram,DEN,12
88,RB32,,66.0,112.0,89.0,2025-08-15 10:46:11,FantasyPros,Quinshon Judkins,CLE,9
89,RB33,,90.0,89.0,89.5,2025-08-15 10:46:11,FantasyPros,Travis Etienne Jr.,JAC,8
90,WR41,,84.0,96.0,90.0,2025-08-15 10:46:11,FantasyPros,Jakobi Meyers,LV,8
91,QB9,,96.0,88.0,92.0,2025-08-15 10:46:11,FantasyPros,Kyler Murray,ARI,8
92,WR42,,100.0,86.0,93.0,2025-08-15 10:46:11,FantasyPros,Matthew Golden,GB,5
93,WR43,,83.0,104.0,93.5,2025-08-15 10:46:11,FantasyPros,Khalil Shakir,BUF,7
94,WR44,,97.0,97.0,97.0,2025-08-15 10:46:11,FantasyPros,Ricky Pearsall,SF,14
95,WR45,,102.0,93.0,97.5,2025-08-15 10:46:11,FantasyPros,Jauan Jennings,SF,14
96,RB34,,104.0,94.0,99.0,2025-08-15 10:46:11,FantasyPros,Javonte Williams,DAL,10
97,QB10,,98.0,101.0,99.5,2025-08-15 10:46:11,FantasyPros,Jared Goff,DET,8
98,RB35,,106.0,100.0,103.0,2025-08-15 10:46:11,FantasyPros,Cam Skattebo,NYG,14
99,RB36,,116.0,91.0,103.5,2025-08-15 10:46:11,FantasyPros,Jordan Mason,MIN,6
100,TE9,,99.0,108.0,103.5,2025-08-15 10:46:11,FantasyPros,David Njoku,CLE,9
101,RB37,,108.0,99.0,103.5,2025-08-15 10:46:11,FantasyPros,Zach Charbonnet,SEA,8
102,WR46,,95.0,113.0,104.0,2025-08-15 10:46:11,FantasyPros,Jayden Reed,GB,5
103,RB38,,89.0,120.0,104.5,2025-08-15 10:46:11,FantasyPros,Najee Harris,LAC,12
104,TE10,,101.0,111.0,106.0,2025-08-15 10:46:11,FantasyPros,Tyler Warren,IND,11
105,QB11,,121.0,92.0,106.5,2025-08-15 10:46:11,FantasyPros,Dak Prescott,DAL,10
106,QB12,,115.0,98.0,106.5,2025-08-15 10:46:11,FantasyPros,Caleb Williams,CHI,5
107,RB39,,105.0,110.0,107.5,2025-08-15 10:46:11,FantasyPros,Rhamondre Stevenson,NE,14
108,RB40,,112.0,106.0,109.0,2025-08-15 10:46:11,FantasyPros,Tyjae Spears,TEN,10
109,WR47,,117.0,102.0,109.5,2025-08-15 10:46:11,FantasyPros,Emeka Egbuka,TB,9
110,WR48,,103.0,119.0,111.0,2025-08-15 10:46:11,FantasyPros,Josh Downs,IND,11
111,QB13,,109.0,115.0,112.0,2025-08-15 10:46:11,FantasyPros,Justin Herbert,LAC,12
112,TE11,,120.0,105.0,112.5,2025-08-15 10:46:11,FantasyPros,Colston Loveland,CHI,5
113,QB14,,111.0,114.0,112.5,2025-08-15 10:46:11,FantasyPros,Brock Purdy,SF,14
114,TE12,,86.0,141.0,113.5,2025-08-15 10:46:11,FantasyPros,Jonnu Smith,PIT,5
115,WR49,,93.0,134.0,113.5,2025-08-15 10:46:11,FantasyPros,Brandon Aiyuk,SF,14
116,RB41,,132.0,95.0,113.5,2025-08-15 10:46:11,FantasyPros,J.K. Dobbins,DEN,12
117,WR50,,110.0,118.0,114.0,2025-08-15 10:46:11,FantasyPros,Michael Pittman Jr.,IND,11
118,QB15,,124.0,107.0,115.5,2025-08-15 10:46:11,FantasyPros,Justin Fields,NYJ,9
119,TE13,,114.0,117.0,115.5,2025-08-15 10:46:11,FantasyPros,Tucker Kraft,GB,5
120,RB42,,131.0,103.0,117.0,2025-08-15 10:46:11,FantasyPros,Tank Bigsby,JAC,8
121,WR51,,107.0,135.0,121.0,2025-08-15 10:46:11,FantasyPros,Darnell Mooney,ATL,5
122,WR52,,118.0,126.0,122.0,2025-08-15 10:46:11,FantasyPros,Keon Coleman,BUF,7
123,TE14,,122.0,123.0,122.5,2025-08-15 10:46:11,FantasyPros,Jake Ferguson,DAL,10
124,WR53,,119.0,128.0,123.5,2025-08-15 10:46:11,FantasyPros,Jayden Higgins,HOU,6
125,RB43,,126.0,121.0,123.5,2025-08-15 10:46:11,FantasyPros,Rachaad White,TB,9
126,RB44,,139.0,109.0,124.0,2025-08-15 10:46:11,FantasyPros,Jaydon Blue,DAL,10
127,QB16,,130.0,122.0,126.0,2025-08-15 10:46:11,FantasyPros,Drake Maye,NE,14
128,TE15,,113.0,142.0,127.5,2025-08-15 10:46:11,FantasyPros,Dalton Kincaid,BUF,7
129,QB17,,123.0,136.0,129.5,2025-08-15 10:46:11,FantasyPros,Jordan Love,GB,5
130,QB18,,127.0,133.0,130.0,2025-08-15 10:46:11,FantasyPros,C.J. Stroud,HOU,6
131,RB45,,142.0,124.0,133.0,2025-08-15 10:46:11,FantasyPros,Austin Ekeler,WAS,12
132,RB46,,152.0,116.0,134.0,2025-08-15 10:46:11,FantasyPros,Jerome Ford,CLE,9
133,QB19,,140.0,131.0,135.5,2025-08-15 10:46:11,FantasyPros,J.J. McCarthy,MIN,6
134,WR54,,135.0,137.0,136.0,2025-08-15 10:46:11,FantasyPros,Marvin Mims Jr.,DEN,12
135,RB47,,149.0,125.0,137.0,2025-08-15 10:46:11,FantasyPros,Trey Benson,ARI,8
136,RB48,,144.0,130.0,137.0,2025-08-15 10:46:11,FantasyPros,Isaac Guerendo,SF,14
137,TE16,,136.0,138.0,137.0,2025-08-15 10:46:11,FantasyPros,Kyle Pitts Sr.,ATL,5
138,RB49,,146.0,129.0,137.5,2025-08-15 10:46:11,FantasyPros,Ray Davis,BUF,7
139,TE17,,125.0,152.0,138.5,2025-08-15 10:46:11,FantasyPros,Dallas Goedert,PHI,9
140,WR55,,128.0,149.0,138.5,2025-08-15 10:46:11,FantasyPros,Tre' Harris,LAC,12
141,WR56,,133.0,148.0,140.5,2025-08-15 10:46:11,FantasyPros,Luther Burden,III,
142,RB50,,134.0,147.0,140.5,2025-08-15 10:46:11,FantasyPros,Rico Dowdle,CAR,14
143,WR57,,129.0,154.0,141.5,2025-08-15 10:46:11,FantasyPros,Rashid Shaheed,NO,11
144,RB51,,137.0,146.0,141.5,2025-08-15 10:46:11,FantasyPros,Bhayshul Tuten,JAC,8
145,QB20,,145.0,139.0,142.0,2025-08-15 10:46:11,FantasyPros,Trevor Lawrence,JAC,8
146,WR58,,138.0,157.0,147.5,2025-08-15 10:46:11,FantasyPros,Christian Kirk,HOU,6
147,RB52,,153.0,145.0,149.0,2025-08-15 10:46:11,FantasyPros,Tyler Allgeier,ATL,5
148,RB53,,174.0,127.0,150.5,2025-08-15 10:46:11,FantasyPros,Braelon Allen,NYJ,9
149,QB21,,162.0,140.0,151.0,2025-08-15 10:46:11,FantasyPros,Tua Tagovailoa,MIA,12
150,RB54,,172.0,132.0,152.0,2025-08-15 10:46:11,FantasyPros,Nick Chubb,HOU,6
151,TE18,,156.0,151.0,153.5,2025-08-15 10:46:11,FantasyPros,Hunter Henry,NE,14
152,WR59,,147.0,161.0,154.0,2025-08-15 10:46:11,FantasyPros,Jack Bech,LV,8
153,WR60,,150.0,160.0,155.0,2025-08-15 10:46:11,FantasyPros,Marquise Brown,KC,10
154,RB55,,168.0,143.0,155.5,2025-08-15 10:46:11,FantasyPros,Dylan Sampson,CLE,9
155,TE19,,158.0,159.0,158.5,2025-08-15 10:46:11,FantasyPros,Zach Ertz,WAS,12
156,DST1,,155.0,163.0,159.0,2025-08-15 10:46:11,FantasyPros,Denver Broncos,DST,12
157,DST2,,151.0,170.0,160.5,2025-08-15 10:46:11,FantasyPros,Philadelphia Eagles,DST,9
158,QB22,,166.0,158.0,162.0,2025-08-15 10:46:11,FantasyPros,Michael Penix Jr.,ATL,5
159,RB56,,175.0,150.0,162.5,2025-08-15 10:46:11,FantasyPros,Jaylen Wright,MIA,12
160,QB23,,171.0,155.0,163.0,2025-08-15 10:46:11,FantasyPros,Bryce Young,CAR,14
161,WR61,,184.0,144.0,164.0,2025-08-15 10:46:11,FantasyPros,Keenan Allen,LAC,12
162,QB24,,161.0,167.0,164.0,2025-08-15 10:46:11,FantasyPros,Cameron Ward,TEN,10
163,WR62,,141.0,189.0,165.0,2025-08-15 10:46:11,FantasyPros,Jalen McMillan,TB,9
164,QB25,,163.0,169.0,166.0,2025-08-15 10:46:11,FantasyPros,Matthew Stafford,LAR,8
165,WR63,,148.0,187.0,167.5,2025-08-15 10:46:11,FantasyPros,Rashod Bateman,BAL,7
166,WR64,,143.0,195.0,169.0,2025-08-15 10:46:11,FantasyPros,Kyle Williams,NE,14
167,WR65,,183.0,156.0,169.5,2025-08-15 10:46:11,FantasyPros,DeAndre Hopkins,BAL,7
168,TE20,,179.0,162.0,170.5,2025-08-15 10:46:11,FantasyPros,Brenton Strange,JAC,8
169,TE21,,154.0,188.0,171.0,2025-08-15 10:46:11,FantasyPros,Isaiah Likely,BAL,7
170,DST3,,160.0,183.0,171.5,2025-08-15 10:46:11,FantasyPros,Pittsburgh Steelers,DST,5
171,WR66,,176.0,174.0,175.0,2025-08-15 10:46:11,FantasyPros,Cedric Tillman,CLE,9
172,QB26,,186.0,166.0,176.0,2025-08-15 10:46:11,FantasyPros,Geno Smith,LV,8
173,WR67,,182.0,171.0,176.5,2025-08-15 10:46:11,FantasyPros,Xavier Legette,CAR,14
174,TE22,,180.0,175.0,177.5,2025-08-15 10:46:11,FantasyPros,Cade Otton,TB,9
175,QB27,,192.0,168.0,180.0,2025-08-15 10:46:11,FantasyPros,Sam Darnold,SEA,8
176,WR68,,165.0,196.0,180.5,2025-08-15 10:46:11,FantasyPros,Adam Thielen,CAR,14
177,WR69,,181.0,182.0,181.5,2025-08-15 10:46:11,FantasyPros,Wan'Dale Robinson,NYG,14
178,TE23,,170.0,194.0,182.0,2025-08-15 10:46:11,FantasyPros,Mason Taylor,NYJ,9
179,DST4,,167.0,200.0,183.5,2025-08-15 10:46:11,FantasyPros,Minnesota Vikings,DST,6
180,QB28,,188.0,179.0,183.5,2025-08-15 10:46:11,FantasyPros,Anthony Richardson Sr.,IND,11
181,RB57,,203.0,165.0,184.0,2025-08-15 10:46:11,FantasyPros,Justice Hill,BAL,7
182,QB29,,194.0,176.0,185.0,2025-08-15 10:46:11,FantasyPros,Aaron Rodgers,PIT,5
183,RB58,,208.0,164.0,186.0,2025-08-15 10:46:11,FantasyPros,Kyle Monangai,CHI,5
184,WR70,,198.0,178.0,188.0,2025-08-15 10:46:11,FantasyPros,DeMario Douglas,NE,14
185,RB59,,178.0,198.0,188.0,2025-08-15 10:46:11,FantasyPros,Roschon Johnson,CHI,5
186,WR71,,185.0,192.0,188.5,2025-08-15 10:46:11,FantasyPros,Romeo Doubs,GB,5
187,DST5,,191.0,190.0,190.5,2025-08-15 10:46:11,FantasyPros,Baltimore Ravens,DST,7
188,K1,,229.0,153.0,191.0,2025-08-15 10:46:11,FantasyPros,Brandon Aubrey,DAL,10
189,DST6,,202.0,184.0,193.0,2025-08-15 10:46:11,FantasyPros,Houston Texans,DST,6
190,WR72,,187.0,199.0,193.0,2025-08-15 10:46:11,FantasyPros,Joshua Palmer,BUF,7
191,TE24,,159.0,229.0,194.0,2025-08-15 10:46:11,FantasyPros,Pat Freiermuth,PIT,5
192,TE25,,207.0,181.0,194.0,2025-08-15 10:46:11,FantasyPros,Chig Okonkwo,TEN,10
193,TE26,,169.0,221.0,195.0,2025-08-15 10:46:11,FantasyPros,Mike Gesicki,CIN,10
194,WR73,,173.0,217.0,195.0,2025-08-15 10:46:11,FantasyPros,Quentin Johnston,LAC,12
195,RB60,,216.0,177.0,196.5,2025-08-15 10:46:11,FantasyPros,Kareem Hunt,KC,10
196,RB61,,177.0,223.0,200.0,2025-08-15 10:46:11,FantasyPros,Blake Corum,LAR,8
197,K2,,230.0,173.0,201.5,2025-08-15 10:46:11,FantasyPros,Cameron Dicker,LAC,12
198,DST7,,164.0,241.0,202.5,2025-08-15 10:46:11,FantasyPros,San Francisco 49ers,DST,14
199,RB62,,218.0,191.0,204.5,2025-08-15 10:46:11,FantasyPros,Jarquez Hunter,LAR,8
200,TE27,,201.0,208.0,204.5,2025-08-15 10:46:11,FantasyPros,Dalton Schultz,HOU,6
201,DST8,,238.0,172.0,205.0,2025-08-15 10:46:11,FantasyPros,Buffalo Bills,DST,7
202,QB30,,219.0,193.0,206.0,2025-08-15 10:46:11,FantasyPros,Russell Wilson,NYG,14
203,WR74,,197.0,218.0,207.5,2025-08-15 10:46:11,FantasyPros,Alec Pierce,IND,11
204,RB63,,209.0,206.0,207.5,2025-08-15 10:46:11,FantasyPros,DJ Giddens,IND,11
205,RB64,,193.0,224.0,208.5,2025-08-15 10:46:11,FantasyPros,Brashard Smith,KC,10
206,K3,,233.0,185.0,209.0,2025-08-15 10:46:11,FantasyPros,Jake Bates,DET,8
207,DST9,,204.0,215.0,209.5,2025-08-15 10:46:11,FantasyPros,Kansas City Chiefs,DST,10
208,RB65,,205.0,214.0,209.5,2025-08-15 10:46:11,FantasyPros,MarShawn Lloyd,GB,5
209,DST10,,157.0,266.0,211.5,2025-08-15 10:46:11,FantasyPros,Washington Commanders,DST,12
210,DST11,,199.0,225.0,212.0,2025-08-15 10:46:11,FantasyPros,Detroit Lions,DST,8
211,K4,,231.0,197.0,214.0,2025-08-15 10:46:11,FantasyPros,Ka'imi Fairbairn,HOU,6
212,RB66,,252.0,180.0,216.0,2025-08-15 10:46:11,FantasyPros,Woody Marks,HOU,6
213,RB67,,223.0,210.0,216.5,2025-08-15 10:46:11,FantasyPros,Will Shipley,PHI,9
214,RB68,,239.0,203.0,221.0,2025-08-15 10:46:11,FantasyPros,Miles Sanders,DAL,10
215,TE28,,241.0,202.0,221.5,2025-08-15 10:46:11,FantasyPros,Elijah Arroyo,SEA,8
216,WR75,,200.0,244.0,222.0,2025-08-15 10:46:11,FantasyPros,Pat Bryant,DEN,12
217,QB31,,237.0,207.0,222.0,2025-08-15 10:46:11,FantasyPros,Tyler Shough,NO,11
218,K5,,235.0,213.0,224.0,2025-08-15 10:46:11,FantasyPros,Harrison Butker,KC,10
219,TE29,,215.0,235.0,225.0,2025-08-15 10:46:11,FantasyPros,Ja'Tavion Sanders,CAR,14
220,TE30,,232.0,219.0,225.5,2025-08-15 10:46:11,FantasyPros,Darren Waller,MIA,12
221,QB32,,213.0,239.0,226.0,2025-08-15 10:46:11,FantasyPros,Jaxson Dart,NYG,14
222,QB33,,244.0,209.0,226.5,2025-08-15 10:46:11,FantasyPros,Daniel Jones,IND,11
223,QB34,,227.0,230.0,228.5,2025-08-15 10:46:11,FantasyPros,Shedeur Sanders,CLE,9
224,RB69,,258.0,201.0,229.5,2025-08-15 10:46:11,FantasyPros,Tahj Brooks,CIN,10
225,WR76,,211.0,249.0,230.0,2025-08-15 10:46:11,FantasyPros,Jalen Royals,KC,10
226,RB70,,189.0,277.0,233.0,2025-08-15 10:46:11,FantasyPros,Devin Neal,NO,11
227,RB71,,284.0,186.0,235.0,2025-08-15 10:46:11,FantasyPros,Jacory Croskey-Merritt,WAS,12
228,TE31,,220.0,258.0,239.0,2025-08-15 10:46:11,FantasyPros,Cole Kmet,CHI,5
229,K6,,276.0,204.0,240.0,2025-08-15 10:46:11,FantasyPros,Chase McLaughlin,TB,9
230,WR77,,210.0,271.0,240.5,2025-08-15 10:46:11,FantasyPros,Jaylin Noel,HOU,6
231,RB72,,265.0,216.0,240.5,2025-08-15 10:46:11,FantasyPros,Keaton Mitchell,BAL,7
232,K7,,234.0,247.0,240.5,2025-08-15 10:46:11,FantasyPros,Tyler Bass,BUF,7
233,DST12,,256.0,226.0,241.0,2025-08-15 10:46:11,FantasyPros,Los Angeles Rams,DST,8
234,TE32,,206.0,280.0,243.0,2025-08-15 10:46:11,FantasyPros,Terrance Ferguson,LAR,8
235,DST13,,196.0,292.0,244.0,2025-08-15 10:46:11,FantasyPros,Tampa Bay Buccaneers,DST,9
236,DST14,,245.0,243.0,244.0,2025-08-15 10:46:11,FantasyPros,New York Giants,DST,14
237,TE33,,228.0,262.0,245.0,2025-08-15 10:46:11,FantasyPros,Juwan Johnson,NO,11
238,WR78,,214.0,281.0,247.5,2025-08-15 10:46:11,FantasyPros,Michael Wilson,ARI,8
239,K8,,236.0,260.0,248.0,2025-08-15 10:46:11,FantasyPros,Evan McPherson,CIN,10
240,DST15,,250.0,246.0,248.0,2025-08-15 10:46:11,FantasyPros,Green Bay Packers,DST,5
241,QB35,,286.0,211.0,248.5,2025-08-15 10:46:11,FantasyPros,Joe Flacco,CLE,9
242,K9,,275.0,222.0,248.5,2025-08-15 10:46:11,FantasyPros,Chris Boswell,PIT,5
243,WR79,,190.0,314.0,252.0,2025-08-15 10:46:11,FantasyPros,Amari Cooper,,
244,WR80,,281.0,220.0,250.5,2025-08-15 10:46:11,FantasyPros,Dont'e Thornton Jr.,LV,8
245,WR81,,254.0,248.0,251.0,2025-08-15 10:46:11,FantasyPros,Darius Slayton,NYG,14
246,WR82,,247.0,256.0,251.5,2025-08-15 10:46:11,FantasyPros,Dyami Brown,JAC,8
247,K10,,278.0,227.0,252.5,2025-08-15 10:46:11,FantasyPros,Jake Elliott,PHI,9
248,DST16,,195.0,325.0,260.0,2025-08-15 10:46:11,FantasyPros,Seattle Seahawks,DST,8
249,RB73,,295.0,212.0,253.5,2025-08-15 10:46:11,FantasyPros,Elijah Mitchell,KC,10
250,RB74,,267.0,240.0,253.5,2025-08-15 10:46:11,FantasyPros,Raheem Mostert,LV,8
251,RB75,,222.0,286.0,254.0,2025-08-15 10:46:11,FantasyPros,Jaleel McLaughlin,DEN,12
252,RB76,,212.0,298.0,255.0,2025-08-15 10:46:11,FantasyPros,Jordan James,SF,14
253,K11,,280.0,231.0,255.5,2025-08-15 10:46:11,FantasyPros,Jason Sanders,MIA,12
254,K12,,309.0,205.0,257.0,2025-08-15 10:46:11,FantasyPros,Wil Lutz,DEN,12
255,RB77,,272.0,242.0,257.0,2025-08-15 10:46:11,FantasyPros,Zack Moss,,
256,TE34,,226.0,291.0,258.5,2025-08-15 10:46:11,FantasyPros,Theo Johnson,NYG,14
257,WR83,,217.0,303.0,260.0,2025-08-15 10:46:11,FantasyPros,Tyler Lockett,TEN,10
258,DST17,,287.0,234.0,260.5,2025-08-15 10:46:11,FantasyPros,Dallas Cowboys,DST,10
259,WR84,,242.0,279.0,260.5,2025-08-15 10:46:11,FantasyPros,Jalen Coker,CAR,14
260,DST18,,253.0,269.0,261.0,2025-08-15 10:46:11,FantasyPros,Los Angeles Chargers,DST,12
261,RB78,,255.0,267.0,261.0,2025-08-15 10:46:11,FantasyPros,Trevor Etienne,CAR,14
262,RB79,,271.0,252.0,261.5,2025-08-15 10:46:11,FantasyPros,Audric Estime,DEN,12
263,RB80,,257.0,270.0,263.5,2025-08-15 10:46:11,FantasyPros,Ollie Gordon,II,
264,WR85,,221.0,310.0,265.5,2025-08-15 10:46:11,FantasyPros,Adonai Mitchell,IND,11
265,RB81,,303.0,228.0,265.5,2025-08-15 10:46:11,FantasyPros,Antonio Gibson,NE,14
266,DST19,,243.0,288.0,265.5,2025-08-15 10:46:11,FantasyPros,New York Jets,DST,9
267,TE35,,270.0,261.0,265.5,2025-08-15 10:46:11,FantasyPros,Tyler Conklin,LAC,12
268,WR86,,224.0,308.0,266.0,2025-08-15 10:46:11,FantasyPros,Dontayvion Wicks,GB,5
269,WR87,,249.0,284.0,266.5,2025-08-15 10:46:11,FantasyPros,Calvin Austin,III,
270,WR88,,266.0,268.0,267.0,2025-08-15 10:46:11,FantasyPros,Isaac TeSlaa,DET,8
271,WR89,,225.0,311.0,268.0,2025-08-15 10:46:11,FantasyPros,Elic Ayomanor,TEN,10
272,QB36,,300.0,236.0,268.0,2025-08-15 10:46:11,FantasyPros,Kirk Cousins,ATL,5
273,QB37,,262.0,274.0,268.0,2025-08-15 10:46:11,FantasyPros,Jalen Milroe,SEA,8
274,K13,,,232.0,232.0,2025-08-15 10:46:11,FantasyPros,Brandon McManus,GB,5
275,DST20,,248.0,294.0,271.0,2025-08-15 10:46:11,FantasyPros,New England Patriots,DST,14
276,K14,,279.0,263.0,271.0,2025-08-15 10:46:11,FantasyPros,Tyler Loop,BAL,7
277,RB82,,,233.0,233.0,2025-08-15 10:46:11,FantasyPros,A.J. Dillon,PHI,9
278,RB83,,264.0,282.0,273.0,2025-08-15 10:46:11,FantasyPros,Kendre Miller,NO,11
279,WR90,,,237.0,237.0,2025-08-15 10:46:11,FantasyPros,Ray-Ray McCloud,III,
280,TE36,,246.0,301.0,273.5,2025-08-15 10:46:11,FantasyPros,Harold Fannin Jr.,CLE,9
281,QB38,,,238.0,238.0,2025-08-15 10:46:11,FantasyPros,Jameis Winston,NYG,14
282,DST21,,240.0,,240.0,2025-08-15 10:46:11,FantasyPros,Tennessee Titans,DST,10
283,TE37,,260.0,293.0,276.5,2025-08-15 10:46:11,FantasyPros,Noah Gray,KC,10
284,QB39,,,245.0,245.0,2025-08-15 10:46:11,FantasyPros,Spencer Rattler,NO,11
285,WR91,,268.0,289.0,278.5,2025-08-15 10:46:11,FantasyPros,Tory Horton,SEA,8
286,DST22,,,250.0,250.0,2025-08-15 10:46:11,FantasyPros,Arizona Cardinals,DST,8
287,K15,,277.0,283.0,280.0,2025-08-15 10:46:11,FantasyPros,Younghoe Koo,ATL,5
288,DST23,,,251.0,251.0,2025-08-15 10:46:11,FantasyPros,Chicago Bears,DST,5
289,DST24,,251.0,,251.0,2025-08-15 10:46:11,FantasyPros,Miami Dolphins,DST,12
290,K16,,,253.0,253.0,2025-08-15 10:46:11,FantasyPros,Cam Little,JAC,8
291,QB40,,,254.0,254.0,2025-08-15 10:46:11,FantasyPros,Jimmy Garoppolo,LAR,8
292,RB84,,,255.0,255.0,2025-08-15 10:46:11,FantasyPros,Sean Tucker,TB,9
293,K17,,,259.0,259.0,2025-08-15 10:46:11,FantasyPros,Matt Gay,WAS,12
294,WR92,,259.0,315.0,287.0,2025-08-15 10:46:11,FantasyPros,Roman Wilson,PIT,5
295,WR93,,261.0,,261.0,2025-08-15 10:46:11,FantasyPros,Xavier Restrepo,TEN,10
296,WR94,,263.0,326.0,294.5,2025-08-15 10:46:11,FantasyPros,Diontae Johnson,CLE,9
297,RB85,,,264.0,264.0,2025-08-15 10:46:11,FantasyPros,Ty Johnson,BUF,7
298,WR95,,,265.0,265.0,2025-08-15 10:46:11,FantasyPros,Jalen Nailor,MIN,6
299,TE38,,302.0,273.0,287.5,2025-08-15 10:46:11,FantasyPros,Tyler Higbee,LAR,8
300,WR96,,291.0,285.0,288.0,2025-08-15 10:46:11,FantasyPros,Kayshon Boutte,NE,14
301,WR97,,304.0,275.0,289.5,2025-08-15 10:46:11,FantasyPros,Troy Franklin,DEN,12
302,WR98,,269.0,328.0,298.5,2025-08-15 10:46:11,FantasyPros,Brandin Cooks,NO,11
303,WR99,,,272.0,272.0,2025-08-15 10:46:11,FantasyPros,Luke McCaffrey,WAS,12
304,TE39,,273.0,,273.0,2025-08-15 10:46:11,FantasyPros,Taysom Hill,NO,11
305,TE40,,274.0,322.0,298.0,2025-08-15 10:46:11,FantasyPros,Noah Fant,CIN,10
306,DST25,,,276.0,276.0,2025-08-15 10:46:11,FantasyPros,Cincinnati Bengals,DST,10
307,WR100,,,278.0,278.0,2025-08-15 10:46:11,FantasyPros,Tre Tucker,LV,8
308,WR101,,288.0,300.0,294.0,2025-08-15 10:46:11,FantasyPros,Andrei Iosivas,CIN,10
309,RB86,,294.0,297.0,295.5,2025-08-15 10:46:11,FantasyPros,Devin Singletary,NYG,14
310,WR102,,282.0,,282.0,2025-08-15 10:46:11,FantasyPros,Jordan Whittington,LAR,8
311,TE41,,283.0,318.0,300.5,2025-08-15 10:46:11,FantasyPros,Oronde Gadsden,II,
312,TE42,,285.0,,285.0,2025-08-15 10:46:11,FantasyPros,Ben Sinnott,WAS,12
313,K18,,,287.0,287.0,2025-08-15 10:46:11,FantasyPros,Cairo Santos,CHI,5
314,WR103,,289.0,,289.0,2025-08-15 10:46:11,FantasyPros,Christian Watson,GB,5
315,QB41,,,290.0,290.0,2025-08-15 10:46:11,FantasyPros,Tanner McKee,PHI,9
316,WR104,,290.0,319.0,304.5,2025-08-15 10:46:11,FantasyPros,Tutu Atwell,LAR,8
317,DST26,,292.0,,292.0,2025-08-15 10:46:11,FantasyPros,Indianapolis Colts,DST,11
318,DST27,,293.0,,293.0,2025-08-15 10:46:11,FantasyPros,Las Vegas Raiders,DST,8
319,K19,,308.0,296.0,302.0,2025-08-15 10:46:11,FantasyPros,Daniel Carlson,LV,8
320,WR105,,,295.0,295.0,2025-08-15 10:46:11,FantasyPros,Jermaine Burton,CIN,10
321,DST28,,296.0,,296.0,2025-08-15 10:46:11,FantasyPros,Jacksonville Jaguars,DST,8
322,RB87,,297.0,,297.0,2025-08-15 10:46:11,FantasyPros,Khalil Herbert,IND,11
323,DST29,,298.0,,298.0,2025-08-15 10:46:11,FantasyPros,New Orleans Saints,DST,11
324,WR106,,299.0,,299.0,2025-08-15 10:46:11,FantasyPros,Marquez Valdes-Scantling,SEA,8
325,WR107,,,299.0,299.0,2025-08-15 10:46:11,FantasyPros,Devaughn Vele,DEN,12
326,WR108,,305.0,305.0,305.0,2025-08-15 10:46:11,FantasyPros,Jalen Tolbert,DAL,10
327,RB88,,301.0,,301.0,2025-08-15 10:46:11,FantasyPros,Damien Martinez,SEA,8
328,RB89,,,302.0,302.0,2025-08-15 10:46:11,FantasyPros,Kenneth Gainwell,PIT,5
329,RB90,,,304.0,304.0,2025-08-15 10:46:11,FantasyPros,Samaje Perine,CIN,10
330,WR109,,306.0,,306.0,2025-08-15 10:46:11,FantasyPros,Curtis Samuel,BUF,7
331,WR110,,,306.0,306.0,2025-08-15 10:46:11,FantasyPros,KeAndre Lambert-Smith,LAC,12
332,K20,,,307.0,307.0,2025-08-15 10:46:11,FantasyPros,Will Reichard,MIN,6
333,K21,,,309.0,309.0,2025-08-15 10:46:11,FantasyPros,Joshua Karty,LAR,8
334,RB91,,,312.0,312.0,2025-08-15 10:46:11,FantasyPros,Emanuel Wilson,GB,5
335,DST30,,,313.0,313.0,2025-08-15 10:46:11,FantasyPros,Cleveland Browns,DST,9
336,K22,,,316.0,316.0,2025-08-15 10:46:11,FantasyPros,Jake Moody,SF,14
337,RB92,,,317.0,317.0,2025-08-15 10:46:11,FantasyPros,Kimani Vidal,LAC,12
338,WR111,,,320.0,320.0,2025-08-15 10:46:11,FantasyPros,Noah Brown,WAS,12
339,RB93,,,321.0,321.0,2025-08-15 10:46:11,FantasyPros,Dameon Pierce,HOU,6
340,WR112,,,323.0,323.0,2025-08-15 10:46:11,FantasyPros,Elijah Moore,BUF,7
341,RB94,,,324.0,324.0,2025-08-15 10:46:11,FantasyPros,Phil Mafah,DAL,10
342,RB95,,,327.0,327.0,2025-08-15 10:46:11,FantasyPros,Isaiah Davis,NYJ,9
343,DST31,,,329.0,329.0,2025-08-15 10:46:11,FantasyPros,Atlanta Falcons,DST,5
344,WR113,,,330.0,330.0,2025-08-15 10:46:11,FantasyPros,Demarcus Robinson,SF,14
345,WR114,,,331.0,331.0,2025-08-15 10:46:11,FantasyPros,Malik Washington,MIA,12
346,WR115,,,332.0,332.0,2025-08-15 10:46:11,FantasyPros,Jaylin Lane,WAS,12
347,K23,,,333.0,333.0,2025-08-15 10:46:11,FantasyPros,Chad Ryland,ARI,8
